-- phpMyAdmin SQL Dump
-- version 5.2.1
-- https://www.phpmyadmin.net/
--
-- Host: 127.0.0.1:3306
-- Generation Time: Jun 04, 2024 at 11:18 AM
-- Server version: 8.2.0
-- PHP Version: 8.2.13

SET SQL_MODE = "NO_AUTO_VALUE_ON_ZERO";
START TRANSACTION;
SET time_zone = "+00:00";


/*!40101 SET @OLD_CHARACTER_SET_CLIENT=@@CHARACTER_SET_CLIENT */;
/*!40101 SET @OLD_CHARACTER_SET_RESULTS=@@CHARACTER_SET_RESULTS */;
/*!40101 SET @OLD_COLLATION_CONNECTION=@@COLLATION_CONNECTION */;
/*!40101 SET NAMES utf8mb4 */;

--
-- Database: `unilink`
--

--
-- Dumping data for table `comments`
--

INSERT INTO `comments` (`comment_id`, `user_id`, `post_id`, `created_at`, `content`) VALUES
(1, 1, 1, '2024-06-04 11:13:19', 'I totally agree with you! 😊'),
(2, 2, 1, '2024-06-04 11:13:19', 'What a beautiful day indeed!'),
(3, 3, 1, '2024-06-04 11:13:19', 'Glad to hear you\'re enjoying it!'),
(4, 4, 1, '2024-06-04 11:13:19', 'The weather is perfect today.'),
(5, 5, 1, '2024-06-04 11:13:19', 'Enjoy every moment!'),
(6, 6, 1, '2024-06-04 11:13:19', 'Absolutely wonderful!'),
(7, 7, 1, '2024-06-04 11:13:19', 'Couldn\'t agree more!'),
(8, 8, 1, '2024-06-04 11:13:19', 'Such a lovely day!'),
(9, 9, 1, '2024-06-04 11:13:19', 'Happiness is in the air!'),
(10, 10, 1, '2024-06-04 11:13:19', 'Feeling the same way! 🌞'),
(11, 11, 2, '2024-06-04 11:13:19', 'The new features are indeed great!'),
(12, 12, 2, '2024-06-04 11:13:19', 'Absolutely loving it!'),
(13, 13, 2, '2024-06-04 11:13:19', 'Great job dev team!'),
(14, 14, 2, '2024-06-04 11:13:19', 'The performance boost is noticeable.'),
(15, 15, 2, '2024-06-04 11:13:19', 'UI is much smoother now!'),
(16, 16, 3, '2024-06-04 11:13:19', 'Can anyone recommend a good book? 📚'),
(17, 17, 3, '2024-06-04 11:13:19', 'I recommend \"The Girl with the Dragon Tattoo\".'),
(18, 18, 3, '2024-06-04 11:13:19', 'Have you read \"Gone Girl\"?'),
(19, 19, 3, '2024-06-04 11:13:19', 'Try \"The Silent Patient\".'),
(20, 20, 3, '2024-06-04 11:13:19', 'I love thrillers too!'),
(21, 21, 3, '2024-06-04 11:13:19', 'Check out \"Big Little Lies\".'),
(22, 22, 3, '2024-06-04 11:13:19', 'You should read \"The Woman in the Window\".'),
(23, 23, 3, '2024-06-04 11:13:19', 'What about \"The Da Vinci Code\"?'),
(24, 24, 3, '2024-06-04 11:13:19', 'You might like \"Sharp Objects\".'),
(25, 25, 3, '2024-06-04 11:13:19', 'I just finished \"The Girl on the Train\".'),
(26, 26, 3, '2024-06-04 11:13:19', 'Another good one is \"The Night Manager\".'),
(27, 27, 3, '2024-06-04 11:13:19', 'How about \"The Reversal\"?'),
(28, 28, 3, '2024-06-04 11:13:19', 'I recommend \"Before I Go to Sleep\".'),
(29, 29, 3, '2024-06-04 11:13:19', 'Try \"The Couple Next Door\".'),
(30, 30, 3, '2024-06-04 11:13:19', 'You\'ll love \"The Snowman\".'),
(31, 31, 4, '2024-06-04 11:13:19', 'Just finished a marathon, feeling great! 🏃‍♂️'),
(32, 32, 4, '2024-06-04 11:13:19', 'Congratulations on finishing the marathon!'),
(33, 33, 5, '2024-06-04 11:13:19', 'Exploring new places is so much fun. 🌍'),
(34, 34, 5, '2024-06-04 11:13:19', 'Visited a beautiful park today.'),
(35, 35, 5, '2024-06-04 11:13:19', 'Nature is truly breathtaking.'),
(36, 36, 5, '2024-06-04 11:13:19', 'Love exploring new areas!'),
(37, 37, 5, '2024-06-04 11:13:19', 'What park did you visit?'),
(38, 38, 5, '2024-06-04 11:13:19', 'Sounds like a great day!'),
(39, 39, 5, '2024-06-04 11:13:19', 'Nature can be so calming.'),
(40, 40, 5, '2024-06-04 11:13:19', 'Enjoyed a walk in the park today too.'),
(41, 41, 5, '2024-06-04 11:13:19', 'Stepping into a fairy tale, indeed!'),
(42, 42, 5, '2024-06-04 11:13:19', 'I love visiting parks.'),
(43, 43, 5, '2024-06-04 11:13:19', 'Nature is the best escape.'),
(44, 44, 5, '2024-06-04 11:13:19', 'Which park did you go to?'),
(45, 45, 5, '2024-06-04 11:13:19', 'Beautiful parks are such a joy.'),
(46, 46, 6, '2024-06-04 11:13:19', 'Had an amazing meal today.'),
(47, 47, 6, '2024-06-04 11:13:19', 'Sushi is my favorite too! 🍣'),
(48, 48, 6, '2024-06-04 11:13:19', 'What did you have for dinner?'),
(49, 49, 6, '2024-06-04 11:13:19', 'Sushi flavors are amazing.'),
(50, 50, 6, '2024-06-04 11:13:19', 'Sounds delicious!'),
(51, 51, 6, '2024-06-04 11:13:19', 'Where did you go for sushi?'),
(52, 52, 6, '2024-06-04 11:13:19', 'Sushi dinners are the best!'),
(53, 53, 7, '2024-06-04 11:13:19', 'Learning new skills every day. 🎨'),
(54, 54, 8, '2024-06-04 11:13:19', 'Just bought a new car, so excited! 🚗'),
(55, 55, 8, '2024-06-04 11:13:19', 'Congratulations on the new car!'),
(56, 56, 8, '2024-06-04 11:13:19', 'What car did you get?'),
(57, 57, 8, '2024-06-04 11:13:19', 'New car excitement!'),
(58, 58, 8, '2024-06-04 11:13:19', 'That’s awesome!'),
(59, 59, 8, '2024-06-04 11:13:19', 'Enjoy your new ride!'),
(60, 60, 8, '2024-06-04 11:13:19', 'Must be a great car!'),
(61, 61, 8, '2024-06-04 11:13:19', 'Love the feeling of a new car.'),
(62, 62, 8, '2024-06-04 11:13:19', 'What color is it?'),
(63, 63, 8, '2024-06-04 11:13:19', 'Tell us more about the car.'),
(64, 64, 8, '2024-06-04 11:13:19', 'Great choice!'),
(65, 65, 8, '2024-06-04 11:13:19', 'So happy for you!'),
(66, 66, 8, '2024-06-04 11:13:19', 'New car, new adventures!'),
(67, 67, 8, '2024-06-04 11:13:19', 'Enjoy your new wheels!'),
(68, 68, 8, '2024-06-04 11:13:19', 'What model is it?'),
(69, 69, 8, '2024-06-04 11:13:19', 'Congratulations!'),
(70, 70, 8, '2024-06-04 11:13:19', 'Happy driving!'),
(71, 71, 8, '2024-06-04 11:13:19', 'What’s the first trip you’re taking?'),
(72, 72, 8, '2024-06-04 11:13:19', 'New car smell is the best.'),
(73, 73, 8, '2024-06-04 11:13:19', 'Must be exciting!'),
(74, 74, 8, '2024-06-04 11:13:19', 'Good luck with your new car!'),
(75, 75, 8, '2024-06-04 11:13:19', 'New car is always fun.'),
(76, 76, 8, '2024-06-04 11:13:19', 'What features does it have?'),
(77, 77, 8, '2024-06-04 11:13:19', 'Congratulations! 🚗'),
(78, 78, 8, '2024-06-04 11:13:19', 'Drive safe and enjoy!'),
(79, 79, 8, '2024-06-04 11:13:19', 'New car days are the best days.'),
(80, 80, 8, '2024-06-04 11:13:19', 'Great news about the car!'),
(81, 81, 8, '2024-06-04 11:13:19', 'Best wishes with the new car!'),
(82, 82, 8, '2024-06-04 11:13:19', 'Must be a dream come true.'),
(83, 83, 8, '2024-06-04 11:13:19', 'Enjoy the ride!'),
(84, 84, 8, '2024-06-04 11:13:19', 'So exciting for you!'),
(85, 85, 9, '2024-06-04 11:13:19', 'Watching a great movie right now.'),
(86, 86, 9, '2024-06-04 11:13:19', 'What movie are you watching?'),
(87, 87, 9, '2024-06-04 11:13:19', 'I love good movies!'),
(88, 88, 9, '2024-06-04 11:13:19', 'Movie nights are the best.'),
(89, 89, 9, '2024-06-04 11:13:19', 'Hope you enjoy it!'),
(90, 90, 9, '2024-06-04 11:13:19', 'Let us know if it’s worth watching.'),
(91, 91, 10, '2024-06-04 11:13:19', 'Started a new project at work.'),
(92, 92, 10, '2024-06-04 11:13:19', 'Exciting challenge ahead!'),
(93, 93, 10, '2024-06-04 11:13:19', 'Good luck with your project!'),
(94, 94, 10, '2024-06-04 11:13:19', 'What’s the project about?'),
(95, 95, 10, '2024-06-04 11:13:19', 'Sounds interesting.'),
(96, 96, 10, '2024-06-04 11:13:19', 'Hope it goes well!'),
(97, 97, 10, '2024-06-04 11:13:19', 'New projects are always exciting.'),
(98, 98, 10, '2024-06-04 11:13:19', 'Wish you all the best!'),
(99, 99, 10, '2024-06-04 11:13:19', 'Keep us updated!'),
(100, 100, 10, '2024-06-04 11:13:19', 'Sounds like a great opportunity.'),
(101, 101, 10, '2024-06-04 11:13:19', 'You’ll do great!'),
(102, 102, 10, '2024-06-04 11:13:19', 'Looking forward to hearing more about it.'),
(103, 103, 10, '2024-06-04 11:13:19', 'Good luck!'),
(104, 104, 11, '2024-06-04 11:13:19', 'Anyone into photography here? 📸'),
(105, 105, 11, '2024-06-04 11:13:19', 'I’d love to see your work!'),
(106, 106, 11, '2024-06-04 11:13:19', 'Photography is a wonderful hobby.'),
(107, 107, 12, '2024-06-04 11:13:19', 'Enjoying some quality family time.'),
(108, 108, 12, '2024-06-04 11:13:19', 'Family time is precious.'),
(109, 109, 12, '2024-06-04 11:13:19', 'Nothing beats time with loved ones.'),
(110, 110, 12, '2024-06-04 11:13:19', 'Hope you have a great time!'),
(111, 111, 12, '2024-06-04 11:13:19', 'Family moments are the best.'),
(112, 112, 12, '2024-06-04 11:13:19', 'Cherish these moments.'),
(113, 113, 12, '2024-06-04 11:13:19', 'Quality time with family is so important.'),
(114, 114, 12, '2024-06-04 11:13:19', 'Love spending time with family.'),
(115, 115, 12, '2024-06-04 11:13:19', 'Hope you have a wonderful time.'),
(116, 116, 12, '2024-06-04 11:13:19', 'Enjoy every second.'),
(117, 117, 12, '2024-06-04 11:13:19', 'Family time is the best time.'),
(118, 118, 12, '2024-06-04 11:13:19', 'What are you doing with your family?'),
(119, 119, 12, '2024-06-04 11:13:19', 'Family first, always.'),
(120, 120, 12, '2024-06-04 11:13:19', 'Hope it’s a memorable day.'),
(121, 121, 12, '2024-06-04 11:13:19', 'Make the most of it!'),
(122, 122, 12, '2024-06-04 11:13:19', 'Sounds like a lovely day.'),
(123, 123, 12, '2024-06-04 11:13:19', 'Enjoy!'),
(124, 124, 13, '2024-06-04 11:13:19', 'Just bought a new camera.'),
(125, 125, 13, '2024-06-04 11:13:19', 'Can’t wait to take some photos!'),
(126, 126, 13, '2024-06-04 11:13:19', 'What camera did you get?'),
(127, 127, 13, '2024-06-04 11:13:19', 'Excited to see your photos!'),
(128, 128, 14, '2024-06-04 11:13:19', 'Started a new workout routine. 🏋️‍♂️'),
(129, 129, 14, '2024-06-04 11:13:19', 'Feeling so energized!'),
(130, 130, 14, '2024-06-04 11:13:19', 'What routine are you following?'),
(131, 131, 14, '2024-06-04 11:13:19', 'Good luck with your workouts!'),
(132, 132, 14, '2024-06-04 11:13:19', 'Stay motivated!'),
(133, 133, 14, '2024-06-04 11:13:19', 'Workouts can be so rewarding.'),
(134, 134, 14, '2024-06-04 11:13:19', 'Hope you see great results!'),
(135, 135, 14, '2024-06-04 11:13:19', 'Which exercises are you doing?'),
(136, 136, 14, '2024-06-04 11:13:19', 'Keep it up!'),
(137, 137, 14, '2024-06-04 11:13:19', 'Fitness is important.'),
(138, 138, 14, '2024-06-04 11:13:19', 'Proud of you for starting!'),
(139, 139, 14, '2024-06-04 11:13:19', 'Consistency is key.'),
(140, 140, 14, '2024-06-04 11:13:19', 'Great to hear!'),
(141, 141, 14, '2024-06-04 11:13:19', 'What’s your fitness goal?'),
(142, 142, 14, '2024-06-04 11:13:19', 'Exercise is great for the mind and body.'),
(143, 143, 14, '2024-06-04 11:13:19', 'Keep pushing yourself!'),
(144, 144, 14, '2024-06-04 11:13:19', 'Stay dedicated!'),
(145, 145, 14, '2024-06-04 11:13:19', 'Workouts can be fun!'),
(146, 146, 14, '2024-06-04 11:13:19', 'Hope you enjoy your new routine!'),
(147, 147, 14, '2024-06-04 11:13:19', 'Stay fit and healthy!'),
(148, 148, 15, '2024-06-04 11:13:19', 'Cooking up a storm in the kitchen! 🍳'),
(149, 149, 15, '2024-06-04 11:13:19', 'What are you making?'),
(150, 150, 15, '2024-06-04 11:13:19', 'I love cooking too!'),
(151, 151, 15, '2024-06-04 11:13:19', 'Cooking is so therapeutic.'),
(152, 152, 15, '2024-06-04 11:13:19', 'Share your recipe!'),
(153, 153, 15, '2024-06-04 11:13:19', 'Can’t wait to see what you make.'),
(154, 154, 15, '2024-06-04 11:13:19', 'Hope it turns out great!'),
(155, 155, 15, '2024-06-04 11:13:19', 'What’s on the menu?'),
(156, 156, 16, '2024-06-04 11:13:19', 'Just adopted a new pet. 🐶'),
(157, 157, 16, '2024-06-04 11:13:19', 'Congratulations on your new pet!'),
(158, 158, 16, '2024-06-04 11:13:19', 'What kind of pet is it?'),
(159, 159, 16, '2024-06-04 11:13:19', 'Pets bring so much joy.'),
(160, 160, 16, '2024-06-04 11:13:19', 'Hope you have a great time with your new pet.'),
(161, 161, 16, '2024-06-04 11:13:19', 'What did you name it?'),
(162, 162, 16, '2024-06-04 11:13:19', 'Pets are the best companions.'),
(163, 163, 16, '2024-06-04 11:13:19', 'Share some pictures!'),
(164, 164, 16, '2024-06-04 11:13:19', 'So happy for you!'),
(165, 165, 16, '2024-06-04 11:13:19', 'New pets are so exciting.'),
(166, 166, 16, '2024-06-04 11:13:19', 'Hope it settles in well.'),
(167, 167, 17, '2024-06-04 11:13:19', 'Reading an interesting article.'),
(168, 168, 17, '2024-06-04 11:13:19', 'What’s the article about?'),
(169, 169, 17, '2024-06-04 11:13:19', 'I love reading informative articles!');

--
-- Dumping data for table `likes`
--

INSERT INTO `likes` (`like_id`, `post_id`, `user_id`, `created_at`) VALUES
(203, 1, 1, '2024-06-04 11:16:05'),
(2, 1, 2, '0000-00-00 00:00:00'),
(3, 1, 3, '0000-00-00 00:00:00'),
(4, 1, 4, '0000-00-00 00:00:00'),
(5, 1, 5, '0000-00-00 00:00:00'),
(6, 1, 6, '0000-00-00 00:00:00'),
(7, 1, 7, '0000-00-00 00:00:00'),
(8, 1, 8, '0000-00-00 00:00:00'),
(9, 1, 9, '0000-00-00 00:00:00'),
(10, 1, 10, '0000-00-00 00:00:00'),
(11, 1, 11, '0000-00-00 00:00:00'),
(12, 1, 12, '0000-00-00 00:00:00'),
(13, 1, 13, '0000-00-00 00:00:00'),
(14, 1, 14, '0000-00-00 00:00:00'),
(15, 1, 15, '0000-00-00 00:00:00'),
(16, 2, 16, '0000-00-00 00:00:00'),
(17, 2, 17, '0000-00-00 00:00:00'),
(18, 2, 18, '0000-00-00 00:00:00'),
(19, 2, 19, '0000-00-00 00:00:00'),
(20, 2, 20, '0000-00-00 00:00:00'),
(21, 2, 21, '0000-00-00 00:00:00'),
(22, 2, 22, '0000-00-00 00:00:00'),
(23, 2, 23, '0000-00-00 00:00:00'),
(24, 2, 24, '0000-00-00 00:00:00'),
(25, 2, 25, '0000-00-00 00:00:00'),
(26, 3, 26, '0000-00-00 00:00:00'),
(27, 3, 27, '0000-00-00 00:00:00'),
(28, 3, 28, '0000-00-00 00:00:00'),
(29, 3, 29, '0000-00-00 00:00:00'),
(30, 3, 30, '0000-00-00 00:00:00'),
(31, 3, 31, '0000-00-00 00:00:00'),
(32, 3, 32, '0000-00-00 00:00:00'),
(33, 3, 33, '0000-00-00 00:00:00'),
(34, 3, 34, '0000-00-00 00:00:00'),
(35, 3, 35, '0000-00-00 00:00:00'),
(36, 3, 36, '0000-00-00 00:00:00'),
(37, 3, 37, '0000-00-00 00:00:00'),
(38, 3, 38, '0000-00-00 00:00:00'),
(39, 3, 39, '0000-00-00 00:00:00'),
(40, 3, 40, '0000-00-00 00:00:00'),
(41, 3, 41, '0000-00-00 00:00:00'),
(42, 3, 42, '0000-00-00 00:00:00'),
(43, 3, 43, '0000-00-00 00:00:00'),
(44, 3, 44, '0000-00-00 00:00:00'),
(45, 3, 45, '0000-00-00 00:00:00'),
(46, 4, 46, '0000-00-00 00:00:00'),
(47, 4, 47, '0000-00-00 00:00:00'),
(48, 4, 48, '0000-00-00 00:00:00'),
(49, 4, 49, '0000-00-00 00:00:00'),
(50, 4, 50, '0000-00-00 00:00:00'),
(51, 4, 51, '0000-00-00 00:00:00'),
(52, 4, 52, '0000-00-00 00:00:00'),
(53, 4, 53, '0000-00-00 00:00:00'),
(54, 5, 54, '0000-00-00 00:00:00'),
(55, 5, 55, '0000-00-00 00:00:00'),
(56, 5, 56, '0000-00-00 00:00:00'),
(57, 5, 57, '0000-00-00 00:00:00'),
(58, 5, 58, '0000-00-00 00:00:00'),
(59, 5, 59, '0000-00-00 00:00:00'),
(60, 5, 60, '0000-00-00 00:00:00'),
(61, 5, 61, '0000-00-00 00:00:00'),
(62, 5, 62, '0000-00-00 00:00:00'),
(63, 5, 63, '0000-00-00 00:00:00'),
(64, 5, 64, '0000-00-00 00:00:00'),
(65, 5, 65, '0000-00-00 00:00:00'),
(66, 5, 66, '0000-00-00 00:00:00'),
(67, 5, 67, '0000-00-00 00:00:00'),
(68, 6, 68, '0000-00-00 00:00:00'),
(69, 6, 69, '0000-00-00 00:00:00'),
(70, 6, 70, '0000-00-00 00:00:00'),
(71, 6, 71, '0000-00-00 00:00:00'),
(72, 6, 72, '0000-00-00 00:00:00'),
(73, 6, 73, '0000-00-00 00:00:00'),
(74, 7, 74, '0000-00-00 00:00:00'),
(75, 7, 75, '0000-00-00 00:00:00'),
(76, 8, 76, '0000-00-00 00:00:00'),
(77, 8, 77, '0000-00-00 00:00:00'),
(78, 8, 78, '0000-00-00 00:00:00'),
(79, 8, 79, '0000-00-00 00:00:00'),
(80, 8, 80, '0000-00-00 00:00:00'),
(81, 8, 81, '0000-00-00 00:00:00'),
(82, 8, 82, '0000-00-00 00:00:00'),
(83, 8, 83, '0000-00-00 00:00:00'),
(84, 8, 84, '0000-00-00 00:00:00'),
(85, 8, 85, '0000-00-00 00:00:00'),
(86, 8, 86, '0000-00-00 00:00:00'),
(87, 8, 87, '0000-00-00 00:00:00'),
(88, 8, 88, '0000-00-00 00:00:00'),
(89, 8, 89, '0000-00-00 00:00:00'),
(90, 8, 90, '0000-00-00 00:00:00'),
(91, 8, 91, '0000-00-00 00:00:00'),
(92, 8, 92, '0000-00-00 00:00:00'),
(93, 8, 93, '0000-00-00 00:00:00'),
(94, 8, 94, '0000-00-00 00:00:00'),
(95, 8, 95, '0000-00-00 00:00:00'),
(96, 8, 96, '0000-00-00 00:00:00'),
(97, 8, 97, '0000-00-00 00:00:00'),
(98, 8, 98, '0000-00-00 00:00:00'),
(99, 8, 99, '0000-00-00 00:00:00'),
(100, 8, 100, '0000-00-00 00:00:00'),
(101, 8, 101, '0000-00-00 00:00:00'),
(102, 8, 102, '0000-00-00 00:00:00'),
(103, 8, 103, '0000-00-00 00:00:00'),
(104, 8, 104, '0000-00-00 00:00:00'),
(105, 8, 105, '0000-00-00 00:00:00'),
(106, 9, 106, '0000-00-00 00:00:00'),
(107, 9, 107, '0000-00-00 00:00:00'),
(108, 9, 108, '0000-00-00 00:00:00'),
(109, 9, 109, '0000-00-00 00:00:00'),
(110, 9, 110, '0000-00-00 00:00:00'),
(111, 9, 111, '0000-00-00 00:00:00'),
(112, 9, 112, '0000-00-00 00:00:00'),
(113, 9, 113, '0000-00-00 00:00:00'),
(114, 9, 114, '0000-00-00 00:00:00'),
(115, 9, 115, '0000-00-00 00:00:00'),
(116, 10, 116, '0000-00-00 00:00:00'),
(117, 10, 117, '0000-00-00 00:00:00'),
(118, 10, 118, '0000-00-00 00:00:00'),
(119, 10, 119, '0000-00-00 00:00:00'),
(120, 10, 120, '0000-00-00 00:00:00'),
(121, 10, 121, '0000-00-00 00:00:00'),
(122, 10, 122, '0000-00-00 00:00:00'),
(123, 10, 123, '0000-00-00 00:00:00'),
(124, 10, 124, '0000-00-00 00:00:00'),
(125, 10, 125, '0000-00-00 00:00:00'),
(126, 10, 126, '0000-00-00 00:00:00'),
(127, 10, 127, '0000-00-00 00:00:00'),
(128, 10, 128, '0000-00-00 00:00:00'),
(129, 10, 129, '0000-00-00 00:00:00'),
(130, 10, 130, '0000-00-00 00:00:00'),
(131, 10, 131, '0000-00-00 00:00:00'),
(132, 11, 132, '0000-00-00 00:00:00'),
(133, 11, 133, '0000-00-00 00:00:00'),
(134, 11, 134, '0000-00-00 00:00:00'),
(135, 11, 135, '0000-00-00 00:00:00'),
(136, 12, 136, '0000-00-00 00:00:00'),
(137, 12, 137, '0000-00-00 00:00:00'),
(138, 12, 138, '0000-00-00 00:00:00'),
(139, 12, 139, '0000-00-00 00:00:00'),
(140, 12, 140, '0000-00-00 00:00:00'),
(141, 12, 141, '0000-00-00 00:00:00'),
(142, 12, 142, '0000-00-00 00:00:00'),
(143, 12, 143, '0000-00-00 00:00:00'),
(144, 12, 144, '0000-00-00 00:00:00'),
(145, 12, 145, '0000-00-00 00:00:00'),
(146, 12, 146, '0000-00-00 00:00:00'),
(147, 12, 147, '0000-00-00 00:00:00'),
(148, 12, 148, '0000-00-00 00:00:00'),
(149, 12, 149, '0000-00-00 00:00:00'),
(150, 12, 150, '0000-00-00 00:00:00'),
(151, 12, 151, '0000-00-00 00:00:00'),
(152, 12, 152, '0000-00-00 00:00:00'),
(153, 12, 153, '0000-00-00 00:00:00'),
(154, 13, 154, '0000-00-00 00:00:00'),
(155, 13, 155, '0000-00-00 00:00:00'),
(156, 13, 156, '0000-00-00 00:00:00'),
(157, 13, 157, '0000-00-00 00:00:00'),
(158, 13, 158, '0000-00-00 00:00:00'),
(159, 14, 159, '0000-00-00 00:00:00'),
(160, 14, 160, '0000-00-00 00:00:00'),
(161, 14, 161, '0000-00-00 00:00:00'),
(162, 14, 162, '0000-00-00 00:00:00'),
(163, 14, 163, '0000-00-00 00:00:00'),
(164, 14, 164, '0000-00-00 00:00:00'),
(165, 14, 165, '0000-00-00 00:00:00'),
(166, 14, 166, '0000-00-00 00:00:00'),
(167, 14, 167, '0000-00-00 00:00:00'),
(168, 14, 168, '0000-00-00 00:00:00'),
(169, 14, 169, '0000-00-00 00:00:00'),
(170, 14, 170, '0000-00-00 00:00:00'),
(171, 14, 171, '0000-00-00 00:00:00'),
(172, 14, 172, '0000-00-00 00:00:00'),
(173, 14, 173, '0000-00-00 00:00:00'),
(174, 14, 174, '0000-00-00 00:00:00'),
(175, 14, 175, '0000-00-00 00:00:00'),
(176, 14, 176, '0000-00-00 00:00:00'),
(177, 14, 177, '0000-00-00 00:00:00'),
(178, 14, 178, '0000-00-00 00:00:00'),
(179, 14, 179, '0000-00-00 00:00:00'),
(180, 14, 180, '0000-00-00 00:00:00'),
(181, 15, 181, '0000-00-00 00:00:00'),
(182, 15, 182, '0000-00-00 00:00:00'),
(183, 15, 183, '0000-00-00 00:00:00'),
(184, 15, 184, '0000-00-00 00:00:00'),
(185, 15, 185, '0000-00-00 00:00:00'),
(186, 15, 186, '0000-00-00 00:00:00'),
(187, 15, 187, '0000-00-00 00:00:00'),
(188, 16, 188, '0000-00-00 00:00:00'),
(189, 16, 189, '0000-00-00 00:00:00'),
(190, 16, 190, '0000-00-00 00:00:00'),
(191, 16, 191, '0000-00-00 00:00:00'),
(192, 16, 192, '0000-00-00 00:00:00'),
(193, 16, 193, '0000-00-00 00:00:00'),
(194, 16, 194, '0000-00-00 00:00:00'),
(195, 16, 195, '0000-00-00 00:00:00'),
(196, 16, 196, '0000-00-00 00:00:00'),
(197, 16, 197, '0000-00-00 00:00:00'),
(198, 16, 198, '0000-00-00 00:00:00'),
(199, 17, 199, '0000-00-00 00:00:00'),
(200, 17, 200, '0000-00-00 00:00:00'),
(201, 17, 201, '0000-00-00 00:00:00');

--
-- Dumping data for table `posts`
--

INSERT INTO `posts` (`post_id`, `user_id`, `is_anonymous`, `visibility`, `created_at`, `content`) VALUES
(1, 1, 0, 1, '2024-06-04 11:08:54', 'This is a wonderful day! 😊 The sun is shining, the birds are singing, and everything feels perfect. Enjoying every moment of it!'),
(2, 2, 1, 1, '2024-06-04 11:08:54', 'Loving the new features in the app. The user interface is much smoother and the performance is top-notch. Great job to the dev team!'),
(3, 3, 0, 1, '2024-06-04 11:08:54', 'Can anyone recommend a good book? 📚 I love thrillers and mysteries. Looking for something that will keep me on the edge of my seat.'),
(4, 4, 1, 1, '2024-06-04 11:08:54', 'Just finished a marathon, feeling great! 🏃‍♂️ The sense of accomplishment is amazing. Time to relax and recover. Any tips for recovery?'),
(5, 5, 0, 1, '2024-06-04 11:08:54', 'Exploring new places is so much fun. 🌍 Visited a beautiful park today and it was like stepping into a fairy tale. Nature is truly breathtaking.'),
(6, 6, 1, 1, '2024-06-04 11:08:54', 'Had an amazing meal today. Sushi is my favorite and today\'s dinner was exceptional. The flavors were out of this world.'),
(7, 7, 0, 1, '2024-06-04 11:08:54', 'Learning new skills every day. Currently trying my hand at painting. It\'s challenging but incredibly rewarding.'),
(8, 8, 1, 1, '2024-06-04 11:08:54', 'Just bought a new car, so excited! 🚗 It\'s everything I wanted and more.'),
(9, 9, 0, 1, '2024-06-04 11:08:54', 'Watching a great movie right now. It\'s been a while since I\'ve seen something this good. Highly recommend it!'),
(10, 10, 1, 1, '2024-06-04 11:08:54', 'Started a new project at work. It\'s going to be a lot of work, but I\'m excited about the challenge.'),
(11, 11, 0, 1, '2024-06-04 11:08:54', 'Anyone into photography here? 📸 I\'d love to see your work and get some tips.'),
(12, 12, 1, 1, '2024-06-04 11:08:54', 'Enjoying some quality family time. Nothing beats spending time with loved ones.'),
(13, 13, 0, 1, '2024-06-04 11:08:54', 'Just got back from a trip. It was an amazing experience and I can\'t wait to share the photos!'),
(14, 14, 1, 1, '2024-06-04 11:08:54', 'Working out is the best stress reliever. I always feel so much better after a good workout.'),
(15, 15, 0, 1, '2024-06-04 11:08:54', 'Who else loves cooking? 🍳 I\'m always looking for new recipes to try. Share your favorites!'),
(16, 16, 1, 1, '2024-06-04 11:08:54', 'Just adopted a new pet! 🐶 He\'s so cute and already feels like part of the family.'),
(17, 17, 0, 1, '2024-06-04 11:08:54', 'Reading a fascinating article. There\'s so much to learn out there.'),
(18, 18, 1, 1, '2024-06-04 11:08:54', 'Attended a great concert yesterday. The energy was incredible and the band was fantastic.'),
(19, 19, 0, 1, '2024-06-04 11:08:54', 'Anyone here into gaming? 🎮 I\'d love to hear what games you\'re playing right now.'),
(20, 20, 1, 1, '2024-06-04 11:08:54', 'Starting a new book series. The first one is already captivating and I can\'t wait to see where the story goes.'),
(21, 21, 0, 1, '2024-06-04 11:08:54', 'Enjoying a beautiful sunset. 🌅 It\'s moments like these that make me appreciate the little things in life.'),
(22, 22, 1, 1, '2024-06-04 11:08:54', 'Just finished a big project. It was a lot of hard work, but it was worth it in the end.'),
(23, 23, 0, 1, '2024-06-04 11:08:54', 'Learning new languages is fun. I\'m currently studying Spanish and it\'s been a great experience so far.'),
(24, 24, 1, 1, '2024-06-04 11:08:54', 'Anyone interested in tech news? There are so many exciting developments happening right now.'),
(25, 25, 0, 1, '2024-06-04 11:08:54', 'Playing some great music. 🎶 It\'s amazing how music can lift your spirits.'),
(26, 26, 1, 1, '2024-06-04 11:08:54', 'Just got a new gadget. Can\'t wait to try it out and see what it can do.'),
(27, 27, 0, 1, '2024-06-04 11:08:54', 'Enjoying some me-time. It\'s important to take a break and recharge every now and then.'),
(28, 28, 1, 1, '2024-06-04 11:08:54', 'Watching a documentary. There\'s so much to learn and discover.'),
(29, 29, 0, 1, '2024-06-04 11:08:54', 'Anyone here likes hiking? 🥾 I love being outdoors and exploring new trails.'),
(30, 30, 1, 1, '2024-06-04 11:08:54', 'Just redecorated my room. It feels so fresh and new.'),
(31, 31, 0, 1, '2024-06-04 11:08:54', 'Enjoying some coffee. ☕ It\'s the little things that make life enjoyable.'),
(32, 32, 1, 1, '2024-06-04 11:08:54', 'Anyone up for a chat? Sometimes it\'s nice to just talk about random things.'),
(33, 33, 0, 1, '2024-06-04 11:08:54', 'Just started a new hobby. It\'s always exciting to try something new.'),
(34, 34, 1, 1, '2024-06-04 11:08:54', 'Looking for movie recommendations. What are some must-watch films?'),
(35, 35, 0, 1, '2024-06-04 11:08:54', 'Just met an old friend. It\'s always great to catch up and reminisce about old times.'),
(36, 36, 1, 1, '2024-06-04 11:08:54', 'Trying out new recipes. Cooking is such a therapeutic activity.'),
(37, 37, 0, 1, '2024-06-04 11:08:54', 'Loving the weather today. It\'s perfect for a walk in the park.'),
(38, 38, 1, 1, '2024-06-04 11:08:54', 'Anyone here from the same city? It would be nice to connect with locals.'),
(39, 39, 0, 1, '2024-06-04 11:08:54', 'Reading some interesting blogs. There\'s so much valuable information out there.'),
(40, 40, 1, 1, '2024-06-04 11:08:54', 'Just got a new job offer. It\'s an exciting opportunity and I\'m looking forward to it.'),
(41, 41, 0, 1, '2024-06-04 11:08:54', 'Exploring new music genres. It\'s amazing how diverse music can be.'),
(42, 42, 1, 1, '2024-06-04 11:08:54', 'Anyone interested in sports? 🏀 I love playing basketball and watching games.'),
(43, 43, 0, 1, '2024-06-04 11:08:54', 'Just finished watching a series. The ending was unexpected and I can\'t stop thinking about it.'),
(44, 44, 1, 1, '2024-06-04 11:08:54', 'Had a relaxing day at the spa. Feeling rejuvenated and ready to take on the week.'),
(45, 45, 0, 1, '2024-06-04 11:08:54', 'Anyone into gardening? 🌿 It\'s such a rewarding hobby.'),
(46, 46, 1, 1, '2024-06-04 11:08:54', 'Just baked some cookies. They turned out delicious!'),
(47, 47, 0, 1, '2024-06-04 11:08:54', 'Reading a captivating novel. It\'s hard to put it down.'),
(48, 48, 1, 1, '2024-06-04 11:08:54', 'Went for a long drive today. The scenery was beautiful and it was a perfect way to clear my mind.'),
(49, 49, 0, 1, '2024-06-04 11:08:54', 'Learning how to play the guitar. 🎸 It\'s challenging but I\'m making progress.'),
(50, 50, 1, 1, '2024-06-04 11:08:54', 'Anyone here interested in fitness? 🏋️‍♂️ I\'m always looking for new workout tips.'),
(51, 51, 0, 1, '2024-06-04 11:08:54', 'Just attended a workshop on personal development. It was very insightful and I learned a lot.'),
(52, 52, 1, 1, '2024-06-04 11:08:54', 'Exploring different cuisines. Trying out new dishes is always exciting.'),
(53, 53, 0, 1, '2024-06-04 11:08:54', 'Just finished a puzzle. It was a tough one but I did it!'),
(54, 54, 1, 1, '2024-06-04 11:08:54', 'Enjoying some quiet time with a cup of tea. 🍵 It\'s nice to unwind and relax.'),
(55, 55, 0, 1, '2024-06-04 11:08:54', 'Anyone here a fan of sci-fi movies? I\'m looking for recommendations.'),
(56, 56, 1, 1, '2024-06-04 11:08:54', 'Just got back from a road trip. It was an amazing adventure and I saw so many new places.'),
(57, 57, 0, 1, '2024-06-04 11:08:54', 'Starting a new fitness routine. 💪 It\'s tough but I\'m determined to stick with it.'),
(58, 58, 1, 1, '2024-06-04 11:08:54', 'Learning how to code. It\'s challenging but also very rewarding.'),
(59, 59, 0, 1, '2024-06-04 11:08:54', 'Anyone here into art? 🎨 I love visiting galleries and seeing different styles of art.'),
(60, 60, 1, 1, '2024-06-04 11:08:54', 'Just finished a home improvement project. It turned out great and I\'m really happy with it.'),
(61, 61, 0, 1, '2024-06-04 11:08:54', 'Enjoying some downtime with a good book.'),
(62, 62, 1, 1, '2024-06-04 11:08:54', 'Anyone here a fan of podcasts? I\'m looking for some new ones to listen to.'),
(63, 63, 0, 1, '2024-06-04 11:08:54', 'Just got back from a run. 🏃‍♂️ Feeling energized and ready to take on the day.'),
(64, 64, 1, 1, '2024-06-04 11:08:54', 'Trying out new beauty products. It\'s fun to experiment and find what works best.'),
(65, 65, 0, 1, '2024-06-04 11:08:54', 'Anyone here a fan of history? I love learning about different historical events.'),
(66, 66, 1, 1, '2024-06-04 11:08:54', 'Just bought some new plants. 🌱 Can\'t wait to see them grow.'),
(67, 67, 0, 1, '2024-06-04 11:08:54', 'Enjoying a cozy night in. Sometimes it\'s nice to just relax at home.'),
(68, 68, 1, 1, '2024-06-04 11:08:54', 'Anyone here into fashion? 👗 I love keeping up with the latest trends.'),
(69, 69, 0, 1, '2024-06-04 11:08:54', 'Just finished writing a short story. It feels great to create something new.'),
(70, 70, 1, 1, '2024-06-04 11:08:54', 'Exploring new coffee shops. ☕ There are so many great places to discover.'),
(71, 71, 0, 1, '2024-06-04 11:08:54', 'Anyone here a fan of board games? 🎲 I love playing with friends and family.'),
(72, 72, 1, 1, '2024-06-04 11:08:54', 'Just got a new haircut. Feels great to have a fresh look.'),
(73, 73, 0, 1, '2024-06-04 11:08:54', 'Enjoying some time at the beach. 🏖️ The sound of the waves is so relaxing.'),
(74, 74, 1, 1, '2024-06-04 11:08:54', 'Trying out new workout routines. It\'s important to keep things interesting.'),
(75, 75, 0, 1, '2024-06-04 11:08:54', 'Anyone here into DIY projects? 🛠️ I love creating and building new things.'),
(76, 76, 1, 1, '2024-06-04 11:08:54', 'Just finished a great book. Highly recommend it!'),
(77, 77, 0, 1, '2024-06-04 11:08:54', 'Enjoying some quality time with friends. Nothing beats good company.'),
(78, 78, 1, 1, '2024-06-04 11:08:54', 'Anyone here a fan of puzzles? 🧩 They\'re a great way to pass the time.'),
(79, 79, 0, 1, '2024-06-04 11:08:54', 'Just got back from a hike. The view from the top was breathtaking.'),
(80, 80, 1, 1, '2024-06-04 11:08:54', 'Exploring new recipes in the kitchen. Cooking is such a fun activity.');

--
-- Dumping data for table `users`
--

INSERT INTO `users` (`user_id`, `username`, `email`, `pass`, `created_at`, `name`, `last_online`, `age`, `university`, `major`, `batch`, `relationship_status`, `gender`, `contact`, `personal_email`, `website`, `interested_in`, `birth_date`) VALUES
(1, 'deneth', 'priyadarshanasad.23@uom.lk', 'deneth123', '0000-00-00 00:00:00', 'Deneth Priyadarshana', '0000-00-00 00:00:00', 21, 'University of Moratuwa', 'Information Technology', 2023, 'Single', 'Male', '0721432218', 'sadpriyadarshana@gmail.com', 'uni.link', 'Women', '2003-10-20'),
(2, 'user1', 'user1@example.com', 'deneth123', '2024-05-17 00:51:34', 'Emma Smith', '2024-05-17 00:51:34', 22, 'MIT', 'Biology', 2023, 'Divorced', 'Female', '1771930648', 'personal_user1@example.com', 'https://user1.com', 'Both', '2002-05-17'),
(3, 'user2', 'user2@example.com', 'deneth123', '2024-05-17 00:51:34', 'Emma Taylor', '2024-05-17 00:51:34', 23, 'Oxford', 'Mathematics', 2023, 'Single', 'Other', '3371329838', 'personal_user2@example.com', 'https://user2.com', 'Both', '2001-05-17'),
(4, 'user3', 'user3@example.com', 'deneth123', '2024-05-17 00:51:34', 'Olivia Davis', '2024-05-17 00:51:34', 22, 'Oxford', 'Physics', 2024, 'Married', 'Female', '8454879405', 'personal_user3@example.com', 'https://user3.com', 'Both', '2002-05-17'),
(5, 'user4', 'user4@example.com', 'deneth123', '2024-05-17 00:51:34', 'Michael Davis', '2024-05-17 00:51:34', 21, 'Berkeley', 'Engineering', 2020, 'In a relationship', 'Male', '5058593178', 'personal_user4@example.com', 'https://user4.com', 'Women', '2003-05-17'),
(6, 'user5', 'user5@example.com', 'deneth123', '2024-05-17 00:51:34', 'Jacob Moore', '2024-05-17 00:51:34', 22, 'Harvard', 'Biology', 2021, 'In a relationship', 'Other', '6430005709', 'personal_user5@example.com', 'https://user5.com', 'Women', '2002-05-17'),
(7, 'user6', 'user6@example.com', 'deneth123', '2024-05-17 00:51:34', 'Isabella Wilson', '2024-05-17 00:51:34', 25, 'Berkeley', 'Physics', 2021, 'Married', 'Male', '1846637821', 'personal_user6@example.com', 'https://user6.com', 'Both', '1999-05-17'),
(8, 'user7', 'user7@example.com', 'deneth123', '2024-05-17 00:51:34', 'Ethan Brown', '2024-05-17 00:51:34', 18, 'Berkeley', 'Physics', 2020, 'In a relationship', 'Female', '4093132652', 'personal_user7@example.com', 'https://user7.com', 'Both', '2006-05-17'),
(9, 'user8', 'user8@example.com', 'deneth123', '2024-05-17 00:51:34', 'Sophia Moore', '2024-05-17 00:51:34', 19, 'MIT', 'Engineering', 2022, 'In a relationship', 'Female', '4780081447', 'personal_user8@example.com', 'https://user8.com', 'Both', '2005-05-17'),
(10, 'user9', 'user9@example.com', 'deneth123', '2024-05-17 00:51:34', 'Isabella Wilson', '2024-05-17 00:51:34', 24, 'MIT', 'Mathematics', 2024, 'Married', 'Male', '4848228071', 'personal_user9@example.com', 'https://user9.com', 'Men', '2000-05-17'),
(11, 'user10', 'user10@example.com', 'deneth123', '2024-05-17 00:51:34', 'Ethan Brown', '2024-05-17 00:51:34', 19, 'Harvard', 'Computer Science', 2023, 'Single', 'Male', '2697113153', 'personal_user10@example.com', 'https://user10.com', 'Both', '2005-05-17'),
(12, 'user11', 'user11@example.com', 'deneth123', '2024-05-17 00:51:34', 'Ethan Brown', '2024-05-17 00:51:34', 21, 'Oxford', 'Engineering', 2024, 'Single', 'Male', '5256290245', 'personal_user11@example.com', 'https://user11.com', 'Men', '2003-05-17'),
(13, 'user12', 'user12@example.com', 'deneth123', '2024-05-17 00:51:34', 'Emily Miller', '2024-05-17 00:51:34', 25, 'Harvard', 'Mathematics', 2023, 'Single', 'Male', '3729329282', 'personal_user12@example.com', 'https://user12.com', 'Women', '1999-05-17'),
(14, 'user13', 'user13@example.com', 'deneth123', '2024-05-17 00:51:34', 'Olivia Taylor', '2024-05-17 00:51:34', 18, 'Berkeley', 'Biology', 2024, 'Married', 'Female', '5306299647', 'personal_user13@example.com', 'https://user13.com', 'Both', '2006-05-17'),
(15, 'user14', 'user14@example.com', 'deneth123', '2024-05-17 00:51:34', 'Olivia Taylor', '2024-05-17 00:51:34', 21, 'Harvard', 'Engineering', 2023, 'In a relationship', 'Other', '4139368743', 'personal_user14@example.com', 'https://user14.com', 'Men', '2003-05-17'),
(16, 'user15', 'user15@example.com', 'deneth123', '2024-05-17 00:51:34', 'Emily Johnson', '2024-05-17 00:51:34', 18, 'Harvard', 'Computer Science', 2020, 'In a relationship', 'Male', '9298931280', 'personal_user15@example.com', 'https://user15.com', 'Women', '2006-05-17'),
(17, 'user16', 'user16@example.com', 'deneth123', '2024-05-17 00:51:34', 'Daniel Jones', '2024-05-17 00:51:34', 24, 'Oxford', 'Mathematics', 2020, 'Single', 'Other', '8774859410', 'personal_user16@example.com', 'https://user16.com', 'Both', '2000-05-17'),
(18, 'user17', 'user17@example.com', 'deneth123', '2024-05-17 00:51:34', 'Emma Jones', '2024-05-17 00:51:34', 19, 'Stanford', 'Mathematics', 2024, 'In a relationship', 'Female', '9144607133', 'personal_user17@example.com', 'https://user17.com', 'Men', '2005-05-17'),
(19, 'user18', 'user18@example.com', 'deneth123', '2024-05-17 00:51:34', 'Isabella Miller', '2024-05-17 00:51:34', 21, 'Harvard', 'Physics', 2020, 'Married', 'Male', '4572721674', 'personal_user18@example.com', 'https://user18.com', 'Men', '2003-05-17'),
(20, 'user19', 'user19@example.com', 'deneth123', '2024-05-17 00:51:34', 'Daniel Jones', '2024-05-17 00:51:34', 21, 'Oxford', 'Mathematics', 2023, 'In a relationship', 'Other', '4561831803', 'personal_user19@example.com', 'https://user19.com', 'Women', '2003-05-17'),
(21, 'user20', 'user20@example.com', 'deneth123', '2024-05-17 00:51:34', 'Jacob Taylor', '2024-05-17 00:51:34', 21, 'Stanford', 'Mathematics', 2024, 'In a relationship', 'Male', '3823276230', 'personal_user20@example.com', 'https://user20.com', 'Women', '2003-05-17'),
(22, 'user21', 'user21@example.com', 'deneth123', '2024-05-17 00:51:34', 'Sophia Miller', '2024-05-17 00:51:34', 22, 'Oxford', 'Biology', 2024, 'Single', 'Other', '2604111081', 'personal_user21@example.com', 'https://user21.com', 'Men', '2002-05-17'),
(23, 'user22', 'user22@example.com', 'deneth123', '2024-05-17 00:51:34', 'Jacob Jones', '2024-05-17 00:51:34', 20, 'Stanford', 'Engineering', 2023, 'In a relationship', 'Female', '5459754546', 'personal_user22@example.com', 'https://user22.com', 'Both', '2004-05-17'),
(24, 'user23', 'user23@example.com', 'deneth123', '2024-05-17 00:51:34', 'Olivia Taylor', '2024-05-17 00:51:34', 24, 'Oxford', 'Physics', 2023, 'In a relationship', 'Other', '7099582554', 'personal_user23@example.com', 'https://user23.com', 'Both', '2000-05-17'),
(25, 'user24', 'user24@example.com', 'deneth123', '2024-05-17 00:51:34', 'Isabella Miller', '2024-05-17 00:51:34', 18, 'Oxford', 'Mathematics', 2023, 'Married', 'Other', '3550115725', 'personal_user24@example.com', 'https://user24.com', 'Both', '2006-05-17'),
(26, 'user25', 'user25@example.com', 'deneth123', '2024-05-17 00:51:34', 'Olivia Johnson', '2024-05-17 00:51:34', 23, 'MIT', 'Computer Science', 2022, 'In a relationship', 'Other', '2264753535', 'personal_user25@example.com', 'https://user25.com', 'Both', '2001-05-17'),
(27, 'user26', 'user26@example.com', 'deneth123', '2024-05-17 00:51:34', 'Daniel Johnson', '2024-05-17 00:51:34', 21, 'Oxford', 'Computer Science', 2021, 'Single', 'Female', '2904717702', 'personal_user26@example.com', 'https://user26.com', 'Men', '2003-05-17'),
(28, 'user27', 'user27@example.com', 'deneth123', '2024-05-17 00:51:34', 'Daniel Williams', '2024-05-17 00:51:34', 21, 'Oxford', 'Physics', 2023, 'Single', 'Male', '7016331053', 'personal_user27@example.com', 'https://user27.com', 'Women', '2003-05-17'),
(29, 'user28', 'user28@example.com', 'deneth123', '2024-05-17 00:51:34', 'Alexander Wilson', '2024-05-17 00:51:34', 19, 'Berkeley', 'Mathematics', 2023, 'Divorced', 'Other', '5085409158', 'personal_user28@example.com', 'https://user28.com', 'Men', '2005-05-17'),
(30, 'user29', 'user29@example.com', 'deneth123', '2024-05-17 00:51:34', 'Jacob Johnson', '2024-05-17 00:51:34', 24, 'Stanford', 'Engineering', 2021, 'Single', 'Female', '7970383591', 'personal_user29@example.com', 'https://user29.com', 'Both', '2000-05-17'),
(31, 'user30', 'user30@example.com', 'deneth123', '2024-05-17 00:51:34', 'Alexander Davis', '2024-05-17 00:51:34', 25, 'Harvard', 'Computer Science', 2024, 'Divorced', 'Male', '4370259490', 'personal_user30@example.com', 'https://user30.com', 'Women', '1999-05-17'),
(32, 'user31', 'user31@example.com', 'deneth123', '2024-05-17 00:51:34', 'Sophia Wilson', '2024-05-17 00:51:34', 22, 'MIT', 'Computer Science', 2022, 'Single', 'Male', '2939282328', 'personal_user31@example.com', 'https://user31.com', 'Men', '2002-05-17'),
(33, 'user32', 'user32@example.com', 'deneth123', '2024-05-17 00:51:34', 'Michael Jones', '2024-05-17 00:51:34', 18, 'Harvard', 'Engineering', 2022, 'In a relationship', 'Other', '9248690014', 'personal_user32@example.com', 'https://user32.com', 'Women', '2006-05-17'),
(34, 'user33', 'user33@example.com', 'deneth123', '2024-05-17 00:51:34', 'Alexander Smith', '2024-05-17 00:51:34', 25, 'Berkeley', 'Computer Science', 2023, 'Divorced', 'Female', '4036265781', 'personal_user33@example.com', 'https://user33.com', 'Both', '1999-05-17'),
(35, 'user34', 'user34@example.com', 'deneth123', '2024-05-17 00:51:34', 'Olivia Brown', '2024-05-17 00:51:34', 23, 'Oxford', 'Computer Science', 2024, 'Married', 'Male', '6249139921', 'personal_user34@example.com', 'https://user34.com', 'Both', '2001-05-17'),
(36, 'user35', 'user35@example.com', 'deneth123', '2024-05-17 00:51:34', 'Olivia Brown', '2024-05-17 00:51:34', 25, 'Harvard', 'Engineering', 2021, 'Divorced', 'Male', '1148890348', 'personal_user35@example.com', 'https://user35.com', 'Both', '1999-05-17'),
(37, 'user36', 'user36@example.com', 'deneth123', '2024-05-17 00:51:34', 'Alexander Smith', '2024-05-17 00:51:34', 21, 'Harvard', 'Physics', 2023, 'In a relationship', 'Male', '2347839521', 'personal_user36@example.com', 'https://user36.com', 'Men', '2003-05-17'),
(38, 'user37', 'user37@example.com', 'deneth123', '2024-05-17 00:51:34', 'Emma Davis', '2024-05-17 00:51:34', 25, 'Oxford', 'Biology', 2020, 'In a relationship', 'Male', '1903031462', 'personal_user37@example.com', 'https://user37.com', 'Both', '1999-05-17'),
(39, 'user38', 'user38@example.com', 'deneth123', '2024-05-17 00:51:34', 'Ethan Johnson', '2024-05-17 00:51:34', 22, 'Berkeley', 'Physics', 2023, 'Married', 'Male', '8396155363', 'personal_user38@example.com', 'https://user38.com', 'Both', '2002-05-17'),
(40, 'user39', 'user39@example.com', 'deneth123', '2024-05-17 00:51:34', 'Alexander Moore', '2024-05-17 00:51:34', 22, 'MIT', 'Engineering', 2024, 'Married', 'Male', '7946697201', 'personal_user39@example.com', 'https://user39.com', 'Men', '2002-05-17'),
(41, 'user40', 'user40@example.com', 'deneth123', '2024-05-17 00:51:34', 'Michael Williams', '2024-05-17 00:51:34', 19, 'Harvard', 'Biology', 2021, 'In a relationship', 'Male', '8231614055', 'personal_user40@example.com', 'https://user40.com', 'Both', '2005-05-17'),
(42, 'user41', 'user41@example.com', 'deneth123', '2024-05-17 00:51:34', 'Isabella Brown', '2024-05-17 00:51:34', 18, 'MIT', 'Physics', 2020, 'Married', 'Male', '5067418486', 'personal_user41@example.com', 'https://user41.com', 'Both', '2006-05-17'),
(43, 'user42', 'user42@example.com', 'deneth123', '2024-05-17 00:51:34', 'Olivia Moore', '2024-05-17 00:51:34', 19, 'MIT', 'Mathematics', 2020, 'Single', 'Male', '1782624656', 'personal_user42@example.com', 'https://user42.com', 'Both', '2005-05-17'),
(44, 'user43', 'user43@example.com', 'deneth123', '2024-05-17 00:51:34', 'Ethan Taylor', '2024-05-17 00:51:34', 19, 'Oxford', 'Computer Science', 2022, 'Divorced', 'Other', '6602315985', 'personal_user43@example.com', 'https://user43.com', 'Women', '2005-05-17'),
(45, 'user44', 'user44@example.com', 'deneth123', '2024-05-17 00:51:34', 'Sophia Smith', '2024-05-17 00:51:34', 21, 'Oxford', 'Biology', 2024, 'Divorced', 'Female', '5753024383', 'personal_user44@example.com', 'https://user44.com', 'Women', '2003-05-17'),
(46, 'user45', 'user45@example.com', 'deneth123', '2024-05-17 00:51:34', 'Emily Jones', '2024-05-17 00:51:34', 20, 'Harvard', 'Physics', 2023, 'In a relationship', 'Female', '6383693000', 'personal_user45@example.com', 'https://user45.com', 'Both', '2004-05-17'),
(47, 'user46', 'user46@example.com', 'deneth123', '2024-05-17 00:51:34', 'Sophia Brown', '2024-05-17 00:51:34', 23, 'Oxford', 'Biology', 2022, 'In a relationship', 'Female', '8834186541', 'personal_user46@example.com', 'https://user46.com', 'Men', '2001-05-17'),
(48, 'user47', 'user47@example.com', 'deneth123', '2024-05-17 00:51:34', 'Daniel Williams', '2024-05-17 00:51:34', 22, 'Stanford', 'Mathematics', 2020, 'Married', 'Female', '6614105431', 'personal_user47@example.com', 'https://user47.com', 'Men', '2002-05-17'),
(49, 'user48', 'user48@example.com', 'deneth123', '2024-05-17 00:51:34', 'Emma Smith', '2024-05-17 00:51:34', 20, 'Berkeley', 'Computer Science', 2020, 'Single', 'Male', '5874187179', 'personal_user48@example.com', 'https://user48.com', 'Women', '2004-05-17'),
(50, 'user49', 'user49@example.com', 'deneth123', '2024-05-17 00:51:34', 'Alexander Moore', '2024-05-17 00:51:34', 23, 'MIT', 'Physics', 2022, 'Married', 'Other', '7729440258', 'personal_user49@example.com', 'https://user49.com', 'Men', '2001-05-17'),
(51, 'user50', 'user50@example.com', 'deneth123', '2024-05-17 00:51:34', 'Michael Johnson', '2024-05-17 00:51:34', 25, 'Berkeley', 'Computer Science', 2024, 'Married', 'Male', '8031344739', 'personal_user50@example.com', 'https://user50.com', 'Women', '1999-05-17'),
(52, 'user51', 'user51@example.com', 'deneth123', '2024-05-17 00:51:34', 'Ethan Wilson', '2024-05-17 00:51:34', 21, 'Harvard', 'Mathematics', 2020, 'Single', 'Female', '2457946270', 'personal_user51@example.com', 'https://user51.com', 'Both', '2003-05-17'),
(53, 'user52', 'user52@example.com', 'deneth123', '2024-05-17 00:51:34', 'Isabella Jones', '2024-05-17 00:51:34', 23, 'Stanford', 'Engineering', 2023, 'Single', 'Male', '4810202860', 'personal_user52@example.com', 'https://user52.com', 'Women', '2001-05-17'),
(54, 'user53', 'user53@example.com', 'deneth123', '2024-05-17 00:51:34', 'Emily Wilson', '2024-05-17 00:51:34', 21, 'Stanford', 'Mathematics', 2021, 'Divorced', 'Other', '2190892480', 'personal_user53@example.com', 'https://user53.com', 'Men', '2003-05-17'),
(55, 'user54', 'user54@example.com', 'deneth123', '2024-05-17 00:51:34', 'Sophia Jones', '2024-05-17 00:51:34', 25, 'Harvard', 'Engineering', 2024, 'Single', 'Male', '2731792991', 'personal_user54@example.com', 'https://user54.com', 'Both', '1999-05-17'),
(56, 'user55', 'user55@example.com', 'deneth123', '2024-05-17 00:51:34', 'Daniel Taylor', '2024-05-17 00:51:34', 18, 'Harvard', 'Computer Science', 2024, 'Single', 'Female', '2355569602', 'personal_user55@example.com', 'https://user55.com', 'Both', '2006-05-17'),
(57, 'user56', 'user56@example.com', 'deneth123', '2024-05-17 00:51:34', 'Daniel Taylor', '2024-05-17 00:51:34', 21, 'Oxford', 'Computer Science', 2023, 'In a relationship', 'Other', '1915398999', 'personal_user56@example.com', 'https://user56.com', 'Women', '2003-05-17'),
(58, 'user57', 'user57@example.com', 'deneth123', '2024-05-17 00:51:34', 'Michael Johnson', '2024-05-17 00:51:34', 20, 'Harvard', 'Biology', 2022, 'Divorced', 'Male', '9989911788', 'personal_user57@example.com', 'https://user57.com', 'Women', '2004-05-17'),
(59, 'user58', 'user58@example.com', 'deneth123', '2024-05-17 00:51:34', 'Alexander Wilson', '2024-05-17 00:51:34', 18, 'MIT', 'Engineering', 2022, 'Married', 'Male', '8449947522', 'personal_user58@example.com', 'https://user58.com', 'Women', '2006-05-17'),
(60, 'user59', 'user59@example.com', 'deneth123', '2024-05-17 00:51:34', 'Emily Wilson', '2024-05-17 00:51:34', 19, 'Stanford', 'Mathematics', 2020, 'Divorced', 'Male', '4779791172', 'personal_user59@example.com', 'https://user59.com', 'Men', '2005-05-17'),
(61, 'user60', 'user60@example.com', 'deneth123', '2024-05-17 00:51:34', 'Alexander Williams', '2024-05-17 00:51:34', 21, 'Harvard', 'Computer Science', 2023, 'Divorced', 'Female', '5836107407', 'personal_user60@example.com', 'https://user60.com', 'Both', '2003-05-17'),
(62, 'user61', 'user61@example.com', 'deneth123', '2024-05-17 00:51:34', 'Sophia Miller', '2024-05-17 00:51:34', 19, 'Harvard', 'Physics', 2021, 'Divorced', 'Other', '6557786614', 'personal_user61@example.com', 'https://user61.com', 'Men', '2005-05-17'),
(63, 'user62', 'user62@example.com', 'deneth123', '2024-05-17 00:51:34', 'Daniel Johnson', '2024-05-17 00:51:34', 21, 'Berkeley', 'Physics', 2022, 'Divorced', 'Other', '6199255977', 'personal_user62@example.com', 'https://user62.com', 'Both', '2003-05-17'),
(64, 'user63', 'user63@example.com', 'deneth123', '2024-05-17 00:51:34', 'Isabella Miller', '2024-05-17 00:51:34', 25, 'Berkeley', 'Physics', 2020, 'Married', 'Female', '6880632430', 'personal_user63@example.com', 'https://user63.com', 'Men', '1999-05-17'),
(65, 'user64', 'user64@example.com', 'deneth123', '2024-05-17 00:51:34', 'Ethan Miller', '2024-05-17 00:51:34', 19, 'Oxford', 'Mathematics', 2021, 'Single', 'Other', '6418182723', 'personal_user64@example.com', 'https://user64.com', 'Both', '2005-05-17'),
(66, 'user65', 'user65@example.com', 'deneth123', '2024-05-17 00:51:34', 'Emily Smith', '2024-05-17 00:51:34', 21, 'Harvard', 'Engineering', 2024, 'Single', 'Other', '7751892927', 'personal_user65@example.com', 'https://user65.com', 'Men', '2003-05-17'),
(67, 'user66', 'user66@example.com', 'deneth123', '2024-05-17 00:51:34', 'Olivia Smith', '2024-05-17 00:51:34', 23, 'Harvard', 'Engineering', 2023, 'Single', 'Male', '9192252683', 'personal_user66@example.com', 'https://user66.com', 'Both', '2001-05-17'),
(68, 'user67', 'user67@example.com', 'deneth123', '2024-05-17 00:51:34', 'Olivia Johnson', '2024-05-17 00:51:34', 19, 'Stanford', 'Biology', 2022, 'Married', 'Other', '7424118024', 'personal_user67@example.com', 'https://user67.com', 'Men', '2005-05-17'),
(69, 'user68', 'user68@example.com', 'deneth123', '2024-05-17 00:51:34', 'Sophia Jones', '2024-05-17 00:51:34', 22, 'MIT', 'Computer Science', 2021, 'In a relationship', 'Other', '8889037061', 'personal_user68@example.com', 'https://user68.com', 'Men', '2002-05-17'),
(70, 'user69', 'user69@example.com', 'deneth123', '2024-05-17 00:51:34', 'Michael Moore', '2024-05-17 00:51:34', 24, 'Harvard', 'Biology', 2023, 'Single', 'Female', '2374616741', 'personal_user69@example.com', 'https://user69.com', 'Both', '2000-05-17'),
(71, 'user70', 'user70@example.com', 'deneth123', '2024-05-17 00:51:34', 'Emma Taylor', '2024-05-17 00:51:34', 25, 'Berkeley', 'Computer Science', 2024, 'Married', 'Male', '8465162829', 'personal_user70@example.com', 'https://user70.com', 'Both', '1999-05-17'),
(72, 'user71', 'user71@example.com', 'deneth123', '2024-05-17 00:51:34', 'Michael Brown', '2024-05-17 00:51:34', 22, 'Stanford', 'Engineering', 2022, 'In a relationship', 'Female', '8251774842', 'personal_user71@example.com', 'https://user71.com', 'Men', '2002-05-17'),
(73, 'user72', 'user72@example.com', 'deneth123', '2024-05-17 00:51:34', 'Emily Miller', '2024-05-17 00:51:34', 22, 'Berkeley', 'Biology', 2022, 'Single', 'Other', '3912666054', 'personal_user72@example.com', 'https://user72.com', 'Women', '2002-05-17'),
(74, 'user73', 'user73@example.com', 'deneth123', '2024-05-17 00:51:34', 'Emma Johnson', '2024-05-17 00:51:34', 25, 'Oxford', 'Mathematics', 2021, 'In a relationship', 'Female', '8154220821', 'personal_user73@example.com', 'https://user73.com', 'Both', '1999-05-17'),
(75, 'user74', 'user74@example.com', 'deneth123', '2024-05-17 00:51:34', 'Ethan Jones', '2024-05-17 00:51:34', 23, 'MIT', 'Mathematics', 2022, 'Married', 'Other', '9227890195', 'personal_user74@example.com', 'https://user74.com', 'Men', '2001-05-17'),
(76, 'user75', 'user75@example.com', 'deneth123', '2024-05-17 00:51:34', 'Daniel Johnson', '2024-05-17 00:51:34', 21, 'Berkeley', 'Engineering', 2020, 'Married', 'Other', '9836257344', 'personal_user75@example.com', 'https://user75.com', 'Men', '2003-05-17'),
(77, 'user76', 'user76@example.com', 'deneth123', '2024-05-17 00:51:34', 'Jacob Miller', '2024-05-17 00:51:34', 21, 'Stanford', 'Computer Science', 2024, 'Single', 'Other', '8968256157', 'personal_user76@example.com', 'https://user76.com', 'Men', '2003-05-17'),
(78, 'user77', 'user77@example.com', 'deneth123', '2024-05-17 00:51:34', 'Isabella Smith', '2024-05-17 00:51:34', 18, 'MIT', 'Biology', 2021, 'Married', 'Female', '9637111391', 'personal_user77@example.com', 'https://user77.com', 'Women', '2006-05-17'),
(79, 'user78', 'user78@example.com', 'deneth123', '2024-05-17 00:51:34', 'Olivia Brown', '2024-05-17 00:51:34', 24, 'Stanford', 'Physics', 2024, 'Single', 'Other', '8515781846', 'personal_user78@example.com', 'https://user78.com', 'Women', '2000-05-17'),
(80, 'user79', 'user79@example.com', 'deneth123', '2024-05-17 00:51:34', 'Sophia Miller', '2024-05-17 00:51:34', 20, 'MIT', 'Engineering', 2024, 'Single', 'Female', '1434989378', 'personal_user79@example.com', 'https://user79.com', 'Both', '2004-05-17'),
(81, 'user80', 'user80@example.com', 'deneth123', '2024-05-17 00:51:34', 'Jacob Moore', '2024-05-17 00:51:34', 23, 'MIT', 'Physics', 2022, 'Married', 'Male', '5095015343', 'personal_user80@example.com', 'https://user80.com', 'Both', '2001-05-17'),
(82, 'user81', 'user81@example.com', 'deneth123', '2024-05-17 00:51:34', 'Emma Taylor', '2024-05-17 00:51:34', 20, 'Berkeley', 'Computer Science', 2020, 'Divorced', 'Male', '7676420652', 'personal_user81@example.com', 'https://user81.com', 'Women', '2004-05-17'),
(83, 'user82', 'user82@example.com', 'deneth123', '2024-05-17 00:51:34', 'Sophia Taylor', '2024-05-17 00:51:34', 24, 'Harvard', 'Engineering', 2020, 'In a relationship', 'Male', '3591293024', 'personal_user82@example.com', 'https://user82.com', 'Both', '2000-05-17'),
(84, 'user83', 'user83@example.com', 'deneth123', '2024-05-17 00:51:34', 'Ethan Smith', '2024-05-17 00:51:34', 23, 'Oxford', 'Engineering', 2023, 'Married', 'Female', '1733195876', 'personal_user83@example.com', 'https://user83.com', 'Men', '2001-05-17'),
(85, 'user84', 'user84@example.com', 'deneth123', '2024-05-17 00:51:34', 'Ethan Johnson', '2024-05-17 00:51:34', 18, 'Oxford', 'Engineering', 2024, 'In a relationship', 'Male', '9948139727', 'personal_user84@example.com', 'https://user84.com', 'Both', '2006-05-17'),
(86, 'user85', 'user85@example.com', 'deneth123', '2024-05-17 00:51:34', 'Emily Taylor', '2024-05-17 00:51:34', 19, 'Oxford', 'Biology', 2023, 'Divorced', 'Female', '3428002069', 'personal_user85@example.com', 'https://user85.com', 'Men', '2005-05-17'),
(87, 'user86', 'user86@example.com', 'deneth123', '2024-05-17 00:51:34', 'Michael Brown', '2024-05-17 00:51:34', 18, 'Berkeley', 'Computer Science', 2020, 'Divorced', 'Female', '7172761811', 'personal_user86@example.com', 'https://user86.com', 'Men', '2006-05-17'),
(88, 'user87', 'user87@example.com', 'deneth123', '2024-05-17 00:51:34', 'Emily Moore', '2024-05-17 00:51:34', 25, 'MIT', 'Engineering', 2023, 'In a relationship', 'Other', '1294021172', 'personal_user87@example.com', 'https://user87.com', 'Both', '1999-05-17'),
(89, 'user88', 'user88@example.com', 'deneth123', '2024-05-17 00:51:34', 'Emily Williams', '2024-05-17 00:51:34', 18, 'Oxford', 'Engineering', 2021, 'Divorced', 'Other', '5437451307', 'personal_user88@example.com', 'https://user88.com', 'Men', '2006-05-17'),
(90, 'user89', 'user89@example.com', 'deneth123', '2024-05-17 00:51:34', 'Olivia Jones', '2024-05-17 00:51:34', 24, 'Stanford', 'Biology', 2021, 'Married', 'Female', '2384855780', 'personal_user89@example.com', 'https://user89.com', 'Both', '2000-05-17'),
(91, 'user90', 'user90@example.com', 'deneth123', '2024-05-17 00:51:34', 'Emma Taylor', '2024-05-17 00:51:34', 19, 'Oxford', 'Computer Science', 2023, 'In a relationship', 'Other', '7738530057', 'personal_user90@example.com', 'https://user90.com', 'Women', '2005-05-17'),
(92, 'user91', 'user91@example.com', 'deneth123', '2024-05-17 00:51:34', 'Alexander Williams', '2024-05-17 00:51:34', 22, 'Harvard', 'Mathematics', 2022, 'In a relationship', 'Female', '4196866698', 'personal_user91@example.com', 'https://user91.com', 'Men', '2002-05-17'),
(93, 'user92', 'user92@example.com', 'deneth123', '2024-05-17 00:51:34', 'Isabella Brown', '2024-05-17 00:51:34', 25, 'Oxford', 'Mathematics', 2022, 'In a relationship', 'Male', '5917182011', 'personal_user92@example.com', 'https://user92.com', 'Both', '1999-05-17'),
(94, 'user93', 'user93@example.com', 'deneth123', '2024-05-17 00:51:34', 'Jacob Moore', '2024-05-17 00:51:34', 21, 'Oxford', 'Physics', 2023, 'Married', 'Male', '2153815208', 'personal_user93@example.com', 'https://user93.com', 'Both', '2003-05-17'),
(95, 'user94', 'user94@example.com', 'deneth123', '2024-05-17 00:51:34', 'Daniel Taylor', '2024-05-17 00:51:34', 21, 'Harvard', 'Mathematics', 2020, 'Single', 'Female', '3097985861', 'personal_user94@example.com', 'https://user94.com', 'Both', '2003-05-17'),
(96, 'user95', 'user95@example.com', 'deneth123', '2024-05-17 00:51:34', 'Olivia Davis', '2024-05-17 00:51:34', 22, 'MIT', 'Computer Science', 2022, 'Single', 'Male', '9148856385', 'personal_user95@example.com', 'https://user95.com', 'Men', '2002-05-17'),
(97, 'user96', 'user96@example.com', 'deneth123', '2024-05-17 00:51:34', 'Ethan Davis', '2024-05-17 00:51:34', 23, 'Oxford', 'Biology', 2022, 'Married', 'Male', '5552588566', 'personal_user96@example.com', 'https://user96.com', 'Both', '2001-05-17'),
(98, 'user97', 'user97@example.com', 'deneth123', '2024-05-17 00:51:34', 'Michael Moore', '2024-05-17 00:51:34', 18, 'Harvard', 'Biology', 2022, 'Married', 'Female', '4850716213', 'personal_user97@example.com', 'https://user97.com', 'Women', '2006-05-17'),
(99, 'user98', 'user98@example.com', 'deneth123', '2024-05-17 00:51:34', 'Alexander Moore', '2024-05-17 00:51:34', 18, 'Stanford', 'Engineering', 2021, 'In a relationship', 'Female', '6389037130', 'personal_user98@example.com', 'https://user98.com', 'Men', '2006-05-17'),
(100, 'user99', 'user99@example.com', 'deneth123', '2024-05-17 00:51:34', 'Daniel Davis', '2024-05-17 00:51:34', 18, 'Berkeley', 'Physics', 2024, 'Married', 'Male', '5229549567', 'personal_user99@example.com', 'https://user99.com', 'Men', '2006-05-17'),
(101, 'user100', 'user100@example.com', 'deneth123', '2024-05-17 00:51:34', 'Emily Smith', '2024-05-17 00:51:34', 25, 'Berkeley', 'Physics', 2022, 'In a relationship', 'Female', '6401284149', 'personal_user100@example.com', 'https://user100.com', 'Women', '1999-05-17'),
(102, 'user101', 'user101@example.com', 'deneth123', '2024-05-17 00:51:34', 'Olivia Williams', '2024-05-17 00:51:34', 22, 'Oxford', 'Biology', 2022, 'Single', 'Other', '2577259793', 'personal_user101@example.com', 'https://user101.com', 'Both', '2002-05-17'),
(103, 'user102', 'user102@example.com', 'deneth123', '2024-05-17 00:51:34', 'Olivia Brown', '2024-05-17 00:51:34', 25, 'Stanford', 'Biology', 2024, 'In a relationship', 'Female', '7578855067', 'personal_user102@example.com', 'https://user102.com', 'Women', '1999-05-17'),
(104, 'user103', 'user103@example.com', 'deneth123', '2024-05-17 00:51:34', 'Michael Brown', '2024-05-17 00:51:34', 19, 'Oxford', 'Biology', 2021, 'Single', 'Male', '3119749836', 'personal_user103@example.com', 'https://user103.com', 'Both', '2005-05-17'),
(105, 'user104', 'user104@example.com', 'deneth123', '2024-05-17 00:51:34', 'Emma Moore', '2024-05-17 00:51:34', 22, 'Berkeley', 'Biology', 2020, 'Married', 'Female', '9529976126', 'personal_user104@example.com', 'https://user104.com', 'Men', '2002-05-17'),
(106, 'user105', 'user105@example.com', 'deneth123', '2024-05-17 00:51:34', 'Isabella Miller', '2024-05-17 00:51:34', 25, 'Stanford', 'Physics', 2020, 'In a relationship', 'Female', '5436965150', 'personal_user105@example.com', 'https://user105.com', 'Men', '1999-05-17'),
(107, 'user106', 'user106@example.com', 'deneth123', '2024-05-17 00:51:34', 'Isabella Davis', '2024-05-17 00:51:34', 19, 'Berkeley', 'Computer Science', 2022, 'In a relationship', 'Male', '9752915583', 'personal_user106@example.com', 'https://user106.com', 'Women', '2005-05-17'),
(108, 'user107', 'user107@example.com', 'deneth123', '2024-05-17 00:51:34', 'Isabella Jones', '2024-05-17 00:51:34', 25, 'Berkeley', 'Engineering', 2020, 'Single', 'Female', '2785849842', 'personal_user107@example.com', 'https://user107.com', 'Both', '1999-05-17'),
(109, 'user108', 'user108@example.com', 'deneth123', '2024-05-17 00:51:34', 'Isabella Davis', '2024-05-17 00:51:34', 23, 'Oxford', 'Biology', 2023, 'Divorced', 'Other', '8073733995', 'personal_user108@example.com', 'https://user108.com', 'Women', '2001-05-17'),
(110, 'user109', 'user109@example.com', 'deneth123', '2024-05-17 00:51:34', 'Olivia Moore', '2024-05-17 00:51:34', 23, 'Harvard', 'Mathematics', 2021, 'In a relationship', 'Female', '1197545698', 'personal_user109@example.com', 'https://user109.com', 'Men', '2001-05-17'),
(111, 'user110', 'user110@example.com', 'deneth123', '2024-05-17 00:51:34', 'Ethan Williams', '2024-05-17 00:51:34', 23, 'Berkeley', 'Mathematics', 2021, 'Married', 'Female', '4266425841', 'personal_user110@example.com', 'https://user110.com', 'Men', '2001-05-17'),
(112, 'user111', 'user111@example.com', 'deneth123', '2024-05-17 00:51:34', 'Emily Smith', '2024-05-17 00:51:34', 22, 'Harvard', 'Computer Science', 2020, 'Single', 'Other', '1819866209', 'personal_user111@example.com', 'https://user111.com', 'Both', '2002-05-17'),
(113, 'user112', 'user112@example.com', 'deneth123', '2024-05-17 00:51:34', 'Michael Smith', '2024-05-17 00:51:34', 21, 'MIT', 'Engineering', 2024, 'Single', 'Other', '8126763939', 'personal_user112@example.com', 'https://user112.com', 'Both', '2003-05-17'),
(114, 'user113', 'user113@example.com', 'deneth123', '2024-05-17 00:51:34', 'Ethan Jones', '2024-05-17 00:51:34', 25, 'Berkeley', 'Physics', 2021, 'Divorced', 'Other', '6102143837', 'personal_user113@example.com', 'https://user113.com', 'Both', '1999-05-17'),
(115, 'user114', 'user114@example.com', 'deneth123', '2024-05-17 00:51:34', 'Jacob Taylor', '2024-05-17 00:51:34', 25, 'MIT', 'Computer Science', 2020, 'Married', 'Female', '4044712063', 'personal_user114@example.com', 'https://user114.com', 'Both', '1999-05-17'),
(116, 'user115', 'user115@example.com', 'deneth123', '2024-05-17 00:51:34', 'Ethan Taylor', '2024-05-17 00:51:34', 22, 'MIT', 'Computer Science', 2024, 'Single', 'Male', '5915213151', 'personal_user115@example.com', 'https://user115.com', 'Women', '2002-05-17'),
(117, 'user116', 'user116@example.com', 'deneth123', '2024-05-17 00:51:34', 'Olivia Davis', '2024-05-17 00:51:34', 19, 'Berkeley', 'Engineering', 2021, 'Married', 'Female', '3544306422', 'personal_user116@example.com', 'https://user116.com', 'Both', '2005-05-17'),
(118, 'user117', 'user117@example.com', 'deneth123', '2024-05-17 00:51:34', 'Isabella Brown', '2024-05-17 00:51:34', 22, 'MIT', 'Computer Science', 2020, 'Married', 'Male', '2982680953', 'personal_user117@example.com', 'https://user117.com', 'Men', '2002-05-17'),
(119, 'user118', 'user118@example.com', 'deneth123', '2024-05-17 00:51:34', 'Sophia Moore', '2024-05-17 00:51:34', 22, 'Oxford', 'Engineering', 2021, 'Divorced', 'Male', '4501104390', 'personal_user118@example.com', 'https://user118.com', 'Women', '2002-05-17'),
(120, 'user119', 'user119@example.com', 'deneth123', '2024-05-17 00:51:34', 'Alexander Williams', '2024-05-17 00:51:34', 20, 'MIT', 'Physics', 2024, 'Divorced', 'Male', '2964672579', 'personal_user119@example.com', 'https://user119.com', 'Women', '2004-05-17'),
(121, 'user120', 'user120@example.com', 'deneth123', '2024-05-17 00:51:34', 'Michael Jones', '2024-05-17 00:51:34', 21, 'Oxford', 'Engineering', 2022, 'Divorced', 'Other', '9690399019', 'personal_user120@example.com', 'https://user120.com', 'Women', '2003-05-17'),
(122, 'user121', 'user121@example.com', 'deneth123', '2024-05-17 00:51:34', 'Daniel Brown', '2024-05-17 00:51:34', 24, 'Harvard', 'Engineering', 2024, 'Single', 'Female', '4054067109', 'personal_user121@example.com', 'https://user121.com', 'Women', '2000-05-17'),
(123, 'user122', 'user122@example.com', 'deneth123', '2024-05-17 00:51:34', 'Emma Miller', '2024-05-17 00:51:34', 18, 'Berkeley', 'Physics', 2023, 'Married', 'Male', '3164835477', 'personal_user122@example.com', 'https://user122.com', 'Both', '2006-05-17'),
(124, 'user123', 'user123@example.com', 'deneth123', '2024-05-17 00:51:34', 'Jacob Miller', '2024-05-17 00:51:34', 23, 'Stanford', 'Mathematics', 2020, 'Married', 'Male', '1187791910', 'personal_user123@example.com', 'https://user123.com', 'Men', '2001-05-17'),
(125, 'user124', 'user124@example.com', 'deneth123', '2024-05-17 00:51:34', 'Sophia Taylor', '2024-05-17 00:51:34', 21, 'Oxford', 'Physics', 2020, 'In a relationship', 'Male', '2341925744', 'personal_user124@example.com', 'https://user124.com', 'Men', '2003-05-17'),
(126, 'user125', 'user125@example.com', 'deneth123', '2024-05-17 00:51:34', 'Isabella Davis', '2024-05-17 00:51:34', 18, 'MIT', 'Biology', 2022, 'Divorced', 'Other', '2855063272', 'personal_user125@example.com', 'https://user125.com', 'Women', '2006-05-17'),
(127, 'user126', 'user126@example.com', 'deneth123', '2024-05-17 00:51:34', 'Michael Brown', '2024-05-17 00:51:34', 25, 'Harvard', 'Biology', 2024, 'Single', 'Male', '9899710998', 'personal_user126@example.com', 'https://user126.com', 'Men', '1999-05-17'),
(128, 'user127', 'user127@example.com', 'deneth123', '2024-05-17 00:51:34', 'Emma Wilson', '2024-05-17 00:51:34', 21, 'Berkeley', 'Physics', 2021, 'Divorced', 'Female', '3669538192', 'personal_user127@example.com', 'https://user127.com', 'Both', '2003-05-17'),
(129, 'user128', 'user128@example.com', 'deneth123', '2024-05-17 00:51:34', 'Emily Taylor', '2024-05-17 00:51:34', 23, 'Oxford', 'Computer Science', 2021, 'Married', 'Female', '2528232505', 'personal_user128@example.com', 'https://user128.com', 'Women', '2001-05-17'),
(130, 'user129', 'user129@example.com', 'deneth123', '2024-05-17 00:51:34', 'Isabella Johnson', '2024-05-17 00:51:34', 21, 'MIT', 'Physics', 2024, 'Married', 'Other', '5781216453', 'personal_user129@example.com', 'https://user129.com', 'Both', '2003-05-17'),
(131, 'user130', 'user130@example.com', 'deneth123', '2024-05-17 00:51:34', 'Isabella Jones', '2024-05-17 00:51:34', 24, 'Harvard', 'Mathematics', 2022, 'Divorced', 'Male', '3258875554', 'personal_user130@example.com', 'https://user130.com', 'Both', '2000-05-17'),
(132, 'user131', 'user131@example.com', 'deneth123', '2024-05-17 00:51:34', 'Daniel Miller', '2024-05-17 00:51:34', 21, 'Stanford', 'Physics', 2024, 'Married', 'Other', '6691424275', 'personal_user131@example.com', 'https://user131.com', 'Both', '2003-05-17'),
(133, 'user132', 'user132@example.com', 'deneth123', '2024-05-17 00:51:34', 'Alexander Jones', '2024-05-17 00:51:34', 23, 'Berkeley', 'Engineering', 2020, 'Divorced', 'Male', '3499847244', 'personal_user132@example.com', 'https://user132.com', 'Men', '2001-05-17'),
(134, 'user133', 'user133@example.com', 'deneth123', '2024-05-17 00:51:34', 'Emma Miller', '2024-05-17 00:51:34', 24, 'Oxford', 'Biology', 2021, 'Single', 'Female', '9802617685', 'personal_user133@example.com', 'https://user133.com', 'Women', '2000-05-17'),
(135, 'user134', 'user134@example.com', 'deneth123', '2024-05-17 00:51:34', 'Emma Williams', '2024-05-17 00:51:34', 23, 'MIT', 'Engineering', 2022, 'Divorced', 'Male', '9777053774', 'personal_user134@example.com', 'https://user134.com', 'Women', '2001-05-17'),
(136, 'user135', 'user135@example.com', 'deneth123', '2024-05-17 00:51:34', 'Isabella Smith', '2024-05-17 00:51:34', 21, 'Harvard', 'Engineering', 2020, 'In a relationship', 'Other', '6284722231', 'personal_user135@example.com', 'https://user135.com', 'Both', '2003-05-17'),
(137, 'user136', 'user136@example.com', 'deneth123', '2024-05-17 00:51:34', 'Michael Brown', '2024-05-17 00:51:34', 25, 'Harvard', 'Mathematics', 2021, 'Divorced', 'Other', '9978166799', 'personal_user136@example.com', 'https://user136.com', 'Both', '1999-05-17'),
(138, 'user137', 'user137@example.com', 'deneth123', '2024-05-17 00:51:34', 'Michael Moore', '2024-05-17 00:51:34', 18, 'Berkeley', 'Engineering', 2023, 'Married', 'Female', '2695844031', 'personal_user137@example.com', 'https://user137.com', 'Men', '2006-05-17'),
(139, 'user138', 'user138@example.com', 'deneth123', '2024-05-17 00:51:34', 'Olivia Johnson', '2024-05-17 00:51:34', 24, 'Harvard', 'Computer Science', 2022, 'In a relationship', 'Male', '5012508594', 'personal_user138@example.com', 'https://user138.com', 'Men', '2000-05-17'),
(140, 'user139', 'user139@example.com', 'deneth123', '2024-05-17 00:51:34', 'Michael Miller', '2024-05-17 00:51:34', 23, 'MIT', 'Engineering', 2020, 'Single', 'Male', '2726287991', 'personal_user139@example.com', 'https://user139.com', 'Men', '2001-05-17'),
(141, 'user140', 'user140@example.com', 'deneth123', '2024-05-17 00:51:34', 'Sophia Moore', '2024-05-17 00:51:34', 24, 'Stanford', 'Mathematics', 2021, 'Married', 'Female', '9765403150', 'personal_user140@example.com', 'https://user140.com', 'Women', '2000-05-17'),
(142, 'user141', 'user141@example.com', 'deneth123', '2024-05-17 00:51:34', 'Sophia Johnson', '2024-05-17 00:51:34', 23, 'Oxford', 'Computer Science', 2023, 'Single', 'Other', '9763843261', 'personal_user141@example.com', 'https://user141.com', 'Both', '2001-05-17'),
(143, 'user142', 'user142@example.com', 'deneth123', '2024-05-17 00:51:34', 'Michael Taylor', '2024-05-17 00:51:34', 20, 'Oxford', 'Engineering', 2023, 'Single', 'Male', '9062766246', 'personal_user142@example.com', 'https://user142.com', 'Men', '2004-05-17'),
(144, 'user143', 'user143@example.com', 'deneth123', '2024-05-17 00:51:34', 'Isabella Davis', '2024-05-17 00:51:34', 23, 'Oxford', 'Mathematics', 2024, 'Married', 'Other', '9613458898', 'personal_user143@example.com', 'https://user143.com', 'Both', '2001-05-17'),
(145, 'user144', 'user144@example.com', 'deneth123', '2024-05-17 00:51:34', 'Emily Jones', '2024-05-17 00:51:34', 19, 'Harvard', 'Mathematics', 2022, 'Divorced', 'Male', '2725924012', 'personal_user144@example.com', 'https://user144.com', 'Both', '2005-05-17'),
(146, 'user145', 'user145@example.com', 'deneth123', '2024-05-17 00:51:34', 'Emma Miller', '2024-05-17 00:51:34', 24, 'MIT', 'Mathematics', 2024, 'In a relationship', 'Female', '8447476396', 'personal_user145@example.com', 'https://user145.com', 'Men', '2000-05-17'),
(147, 'user146', 'user146@example.com', 'deneth123', '2024-05-17 00:51:34', 'Michael Smith', '2024-05-17 00:51:34', 22, 'MIT', 'Physics', 2023, 'Divorced', 'Female', '9321748428', 'personal_user146@example.com', 'https://user146.com', 'Women', '2002-05-17'),
(148, 'user147', 'user147@example.com', 'deneth123', '2024-05-17 00:51:34', 'Michael Davis', '2024-05-17 00:51:34', 20, 'Stanford', 'Mathematics', 2024, 'In a relationship', 'Male', '4775259807', 'personal_user147@example.com', 'https://user147.com', 'Men', '2004-05-17'),
(149, 'user148', 'user148@example.com', 'deneth123', '2024-05-17 00:51:34', 'Sophia Moore', '2024-05-17 00:51:34', 18, 'Oxford', 'Biology', 2023, 'In a relationship', 'Other', '5967202396', 'personal_user148@example.com', 'https://user148.com', 'Both', '2006-05-17'),
(150, 'user149', 'user149@example.com', 'deneth123', '2024-05-17 00:51:34', 'Michael Brown', '2024-05-17 00:51:34', 18, 'Harvard', 'Computer Science', 2022, 'Divorced', 'Other', '7092514265', 'personal_user149@example.com', 'https://user149.com', 'Both', '2006-05-17'),
(151, 'user150', 'user150@example.com', 'deneth123', '2024-05-17 00:51:34', 'Michael Taylor', '2024-05-17 00:51:34', 23, 'MIT', 'Biology', 2021, 'Divorced', 'Male', '4294224431', 'personal_user150@example.com', 'https://user150.com', 'Men', '2001-05-17'),
(152, 'user151', 'user151@example.com', 'deneth123', '2024-05-17 00:51:34', 'Emma Taylor', '2024-05-17 00:51:34', 19, 'Harvard', 'Physics', 2020, 'Single', 'Female', '2754726271', 'personal_user151@example.com', 'https://user151.com', 'Men', '2005-05-17'),
(153, 'user152', 'user152@example.com', 'deneth123', '2024-05-17 00:51:34', 'Daniel Jones', '2024-05-17 00:51:34', 24, 'Oxford', 'Biology', 2022, 'Single', 'Male', '5404953541', 'personal_user152@example.com', 'https://user152.com', 'Men', '2000-05-17'),
(154, 'user153', 'user153@example.com', 'deneth123', '2024-05-17 00:51:34', 'Olivia Williams', '2024-05-17 00:51:34', 21, 'MIT', 'Mathematics', 2023, 'Married', 'Other', '9794848243', 'personal_user153@example.com', 'https://user153.com', 'Women', '2003-05-17'),
(155, 'user154', 'user154@example.com', 'deneth123', '2024-05-17 00:51:34', 'Isabella Miller', '2024-05-17 00:51:34', 21, 'Stanford', 'Computer Science', 2020, 'In a relationship', 'Other', '7539354388', 'personal_user154@example.com', 'https://user154.com', 'Women', '2003-05-17'),
(156, 'user155', 'user155@example.com', 'deneth123', '2024-05-17 00:51:34', 'Jacob Miller', '2024-05-17 00:51:34', 24, 'MIT', 'Physics', 2021, 'Married', 'Female', '5973121977', 'personal_user155@example.com', 'https://user155.com', 'Men', '2000-05-17'),
(157, 'user156', 'user156@example.com', 'deneth123', '2024-05-17 00:51:34', 'Isabella Smith', '2024-05-17 00:51:34', 22, 'Harvard', 'Computer Science', 2022, 'In a relationship', 'Male', '2116998854', 'personal_user156@example.com', 'https://user156.com', 'Both', '2002-05-17'),
(158, 'user157', 'user157@example.com', 'deneth123', '2024-05-17 00:51:34', 'Emma Miller', '2024-05-17 00:51:34', 21, 'Oxford', 'Engineering', 2024, 'Divorced', 'Male', '4085008833', 'personal_user157@example.com', 'https://user157.com', 'Women', '2003-05-17'),
(159, 'user158', 'user158@example.com', 'deneth123', '2024-05-17 00:51:34', 'Emma Smith', '2024-05-17 00:51:34', 25, 'Harvard', 'Physics', 2022, 'Married', 'Male', '4113165941', 'personal_user158@example.com', 'https://user158.com', 'Women', '1999-05-17'),
(160, 'user159', 'user159@example.com', 'deneth123', '2024-05-17 00:51:34', 'Isabella Johnson', '2024-05-17 00:51:34', 18, 'Berkeley', 'Physics', 2024, 'In a relationship', 'Male', '3845385143', 'personal_user159@example.com', 'https://user159.com', 'Women', '2006-05-17'),
(161, 'user160', 'user160@example.com', 'deneth123', '2024-05-17 00:51:34', 'Emily Taylor', '2024-05-17 00:51:34', 18, 'MIT', 'Biology', 2022, 'Divorced', 'Female', '4897481646', 'personal_user160@example.com', 'https://user160.com', 'Women', '2006-05-17'),
(162, 'user161', 'user161@example.com', 'deneth123', '2024-05-17 00:51:34', 'Emma Miller', '2024-05-17 00:51:34', 21, 'Stanford', 'Engineering', 2022, 'Divorced', 'Male', '8057806107', 'personal_user161@example.com', 'https://user161.com', 'Women', '2003-05-17'),
(163, 'user162', 'user162@example.com', 'deneth123', '2024-05-17 00:51:34', 'Olivia Taylor', '2024-05-17 00:51:34', 22, 'Harvard', 'Computer Science', 2023, 'Divorced', 'Other', '4717507755', 'personal_user162@example.com', 'https://user162.com', 'Men', '2002-05-17'),
(164, 'user163', 'user163@example.com', 'deneth123', '2024-05-17 00:51:34', 'Michael Wilson', '2024-05-17 00:51:34', 22, 'Oxford', 'Biology', 2021, 'Married', 'Other', '1020575139', 'personal_user163@example.com', 'https://user163.com', 'Women', '2002-05-17'),
(165, 'user164', 'user164@example.com', 'deneth123', '2024-05-17 00:51:34', 'Isabella Wilson', '2024-05-17 00:51:34', 24, 'Stanford', 'Mathematics', 2024, 'Married', 'Female', '1161851029', 'personal_user164@example.com', 'https://user164.com', 'Women', '2000-05-17'),
(166, 'user165', 'user165@example.com', 'deneth123', '2024-05-17 00:51:34', 'Alexander Wilson', '2024-05-17 00:51:34', 18, 'Harvard', 'Physics', 2021, 'In a relationship', 'Female', '4513637737', 'personal_user165@example.com', 'https://user165.com', 'Both', '2006-05-17'),
(167, 'user166', 'user166@example.com', 'deneth123', '2024-05-17 00:51:34', 'Sophia Johnson', '2024-05-17 00:51:34', 19, 'Stanford', 'Biology', 2024, 'In a relationship', 'Other', '6227608469', 'personal_user166@example.com', 'https://user166.com', 'Women', '2005-05-17'),
(168, 'user167', 'user167@example.com', 'deneth123', '2024-05-17 00:51:34', 'Emily Taylor', '2024-05-17 00:51:34', 20, 'Stanford', 'Mathematics', 2020, 'Divorced', 'Female', '4324808387', 'personal_user167@example.com', 'https://user167.com', 'Men', '2004-05-17'),
(169, 'user168', 'user168@example.com', 'deneth123', '2024-05-17 00:51:34', 'Olivia Johnson', '2024-05-17 00:51:34', 18, 'Oxford', 'Computer Science', 2022, 'Divorced', 'Male', '1719680599', 'personal_user168@example.com', 'https://user168.com', 'Women', '2006-05-17'),
(170, 'user169', 'user169@example.com', 'deneth123', '2024-05-17 00:51:34', 'Emily Jones', '2024-05-17 00:51:34', 25, 'MIT', 'Computer Science', 2024, 'Married', 'Female', '7209309946', 'personal_user169@example.com', 'https://user169.com', 'Men', '1999-05-17'),
(171, 'user170', 'user170@example.com', 'deneth123', '2024-05-17 00:51:34', 'Sophia Wilson', '2024-05-17 00:51:34', 18, 'Oxford', 'Mathematics', 2023, 'Single', 'Other', '3403418020', 'personal_user170@example.com', 'https://user170.com', 'Men', '2006-05-17'),
(172, 'user171', 'user171@example.com', 'deneth123', '2024-05-17 00:51:34', 'Alexander Taylor', '2024-05-17 00:51:34', 21, 'Harvard', 'Engineering', 2023, 'Married', 'Female', '6139322280', 'personal_user171@example.com', 'https://user171.com', 'Both', '2003-05-17'),
(173, 'user172', 'user172@example.com', 'deneth123', '2024-05-17 00:51:34', 'Emily Williams', '2024-05-17 00:51:34', 24, 'Berkeley', 'Engineering', 2021, 'In a relationship', 'Male', '1998600482', 'personal_user172@example.com', 'https://user172.com', 'Women', '2000-05-17'),
(174, 'user173', 'user173@example.com', 'deneth123', '2024-05-17 00:51:34', 'Emma Smith', '2024-05-17 00:51:34', 24, 'Berkeley', 'Physics', 2024, 'Married', 'Female', '2082401473', 'personal_user173@example.com', 'https://user173.com', 'Both', '2000-05-17'),
(175, 'user174', 'user174@example.com', 'deneth123', '2024-05-17 00:51:34', 'Olivia Smith', '2024-05-17 00:51:34', 21, 'Harvard', 'Engineering', 2020, 'In a relationship', 'Female', '2123324308', 'personal_user174@example.com', 'https://user174.com', 'Both', '2003-05-17'),
(176, 'user175', 'user175@example.com', 'deneth123', '2024-05-17 00:51:34', 'Olivia Davis', '2024-05-17 00:51:34', 21, 'Harvard', 'Engineering', 2021, 'Divorced', 'Other', '8265731681', 'personal_user175@example.com', 'https://user175.com', 'Women', '2003-05-17'),
(177, 'user176', 'user176@example.com', 'deneth123', '2024-05-17 00:51:34', 'Ethan Davis', '2024-05-17 00:51:34', 25, 'Harvard', 'Biology', 2020, 'Divorced', 'Male', '5360732993', 'personal_user176@example.com', 'https://user176.com', 'Men', '1999-05-17'),
(178, 'user177', 'user177@example.com', 'deneth123', '2024-05-17 00:51:34', 'Michael Brown', '2024-05-17 00:51:34', 21, 'Stanford', 'Engineering', 2024, 'Divorced', 'Male', '1293455112', 'personal_user177@example.com', 'https://user177.com', 'Both', '2003-05-17'),
(179, 'user178', 'user178@example.com', 'deneth123', '2024-05-17 00:51:34', 'Daniel Taylor', '2024-05-17 00:51:34', 23, 'Oxford', 'Mathematics', 2024, 'In a relationship', 'Male', '5347684899', 'personal_user178@example.com', 'https://user178.com', 'Men', '2001-05-17'),
(180, 'user179', 'user179@example.com', 'deneth123', '2024-05-17 00:51:34', 'Alexander Williams', '2024-05-17 00:51:34', 22, 'Harvard', 'Biology', 2021, 'Married', 'Female', '2934189058', 'personal_user179@example.com', 'https://user179.com', 'Men', '2002-05-17'),
(181, 'user180', 'user180@example.com', 'deneth123', '2024-05-17 00:51:34', 'Jacob Jones', '2024-05-17 00:51:34', 21, 'MIT', 'Mathematics', 2024, 'Married', 'Male', '5434646178', 'personal_user180@example.com', 'https://user180.com', 'Women', '2003-05-17'),
(182, 'user181', 'user181@example.com', 'deneth123', '2024-05-17 00:51:34', 'Olivia Jones', '2024-05-17 00:51:34', 20, 'Harvard', 'Mathematics', 2020, 'Single', 'Other', '4350702100', 'personal_user181@example.com', 'https://user181.com', 'Men', '2004-05-17'),
(183, 'user182', 'user182@example.com', 'deneth123', '2024-05-17 00:51:34', 'Ethan Davis', '2024-05-17 00:51:34', 21, 'Harvard', 'Mathematics', 2023, 'In a relationship', 'Other', '9771380665', 'personal_user182@example.com', 'https://user182.com', 'Both', '2003-05-17'),
(184, 'user183', 'user183@example.com', 'deneth123', '2024-05-17 00:51:34', 'Alexander Brown', '2024-05-17 00:51:34', 23, 'MIT', 'Mathematics', 2022, 'Single', 'Male', '9419457256', 'personal_user183@example.com', 'https://user183.com', 'Both', '2001-05-17'),
(185, 'user184', 'user184@example.com', 'deneth123', '2024-05-17 00:51:34', 'Olivia Brown', '2024-05-17 00:51:34', 19, 'Berkeley', 'Engineering', 2022, 'Divorced', 'Male', '7188967015', 'personal_user184@example.com', 'https://user184.com', 'Men', '2005-05-17'),
(186, 'user185', 'user185@example.com', 'deneth123', '2024-05-17 00:51:34', 'Jacob Wilson', '2024-05-17 00:51:34', 24, 'Stanford', 'Mathematics', 2020, 'Divorced', 'Other', '1822391221', 'personal_user185@example.com', 'https://user185.com', 'Both', '2000-05-17'),
(187, 'user186', 'user186@example.com', 'deneth123', '2024-05-17 00:51:34', 'Jacob Wilson', '2024-05-17 00:51:34', 25, 'MIT', 'Biology', 2023, 'Divorced', 'Male', '8440125976', 'personal_user186@example.com', 'https://user186.com', 'Men', '1999-05-17'),
(188, 'user187', 'user187@example.com', 'deneth123', '2024-05-17 00:51:34', 'Sophia Jones', '2024-05-17 00:51:34', 19, 'Stanford', 'Mathematics', 2022, 'Divorced', 'Male', '5724411033', 'personal_user187@example.com', 'https://user187.com', 'Men', '2005-05-17'),
(189, 'user188', 'user188@example.com', 'deneth123', '2024-05-17 00:51:34', 'Emma Williams', '2024-05-17 00:51:34', 19, 'MIT', 'Biology', 2022, 'In a relationship', 'Male', '4401698969', 'personal_user188@example.com', 'https://user188.com', 'Both', '2005-05-17'),
(190, 'user189', 'user189@example.com', 'deneth123', '2024-05-17 00:51:34', 'Daniel Johnson', '2024-05-17 00:51:34', 20, 'Stanford', 'Mathematics', 2023, 'In a relationship', 'Female', '6989691810', 'personal_user189@example.com', 'https://user189.com', 'Men', '2004-05-17');
INSERT INTO `users` (`user_id`, `username`, `email`, `pass`, `created_at`, `name`, `last_online`, `age`, `university`, `major`, `batch`, `relationship_status`, `gender`, `contact`, `personal_email`, `website`, `interested_in`, `birth_date`) VALUES
(191, 'user190', 'user190@example.com', 'deneth123', '2024-05-17 00:51:34', 'Isabella Brown', '2024-05-17 00:51:34', 19, 'Berkeley', 'Mathematics', 2024, 'Married', 'Female', '2628580271', 'personal_user190@example.com', 'https://user190.com', 'Men', '2005-05-17'),
(192, 'user191', 'user191@example.com', 'deneth123', '2024-05-17 00:51:34', 'Emily Williams', '2024-05-17 00:51:34', 19, 'Stanford', 'Computer Science', 2022, 'Divorced', 'Female', '9501289047', 'personal_user191@example.com', 'https://user191.com', 'Women', '2005-05-17'),
(193, 'user192', 'user192@example.com', 'deneth123', '2024-05-17 00:51:34', 'Emily Taylor', '2024-05-17 00:51:34', 20, 'MIT', 'Mathematics', 2024, 'Married', 'Other', '8620255182', 'personal_user192@example.com', 'https://user192.com', 'Men', '2004-05-17'),
(194, 'user193', 'user193@example.com', 'deneth123', '2024-05-17 00:51:34', 'Emily Williams', '2024-05-17 00:51:34', 23, 'Harvard', 'Computer Science', 2020, 'Single', 'Female', '2376939569', 'personal_user193@example.com', 'https://user193.com', 'Both', '2001-05-17'),
(195, 'user194', 'user194@example.com', 'deneth123', '2024-05-17 00:51:34', 'Daniel Miller', '2024-05-17 00:51:34', 19, 'MIT', 'Biology', 2020, 'In a relationship', 'Other', '3411011703', 'personal_user194@example.com', 'https://user194.com', 'Both', '2005-05-17'),
(196, 'user195', 'user195@example.com', 'deneth123', '2024-05-17 00:51:34', 'Michael Wilson', '2024-05-17 00:51:34', 24, 'Oxford', 'Computer Science', 2023, 'Divorced', 'Female', '7310774089', 'personal_user195@example.com', 'https://user195.com', 'Both', '2000-05-17'),
(197, 'user196', 'user196@example.com', 'deneth123', '2024-05-17 00:51:34', 'Jacob Johnson', '2024-05-17 00:51:34', 19, 'Harvard', 'Engineering', 2024, 'Married', 'Female', '2028440555', 'personal_user196@example.com', 'https://user196.com', 'Men', '2005-05-17'),
(198, 'user197', 'user197@example.com', 'deneth123', '2024-05-17 00:51:34', 'Jacob Jones', '2024-05-17 00:51:34', 18, 'Stanford', 'Mathematics', 2024, 'In a relationship', 'Female', '8473051739', 'personal_user197@example.com', 'https://user197.com', 'Men', '2006-05-17'),
(199, 'user198', 'user198@example.com', 'deneth123', '2024-05-17 00:51:34', 'Emily Moore', '2024-05-17 00:51:34', 18, 'Harvard', 'Engineering', 2020, 'Married', 'Male', '4208537605', 'personal_user198@example.com', 'https://user198.com', 'Men', '2006-05-17'),
(200, 'user199', 'user199@example.com', 'deneth123', '2024-05-17 00:51:34', 'Emma Wilson', '2024-05-17 00:51:34', 25, 'Berkeley', 'Computer Science', 2022, 'In a relationship', 'Other', '6482611215', 'personal_user199@example.com', 'https://user199.com', 'Men', '1999-05-17'),
(201, 'user200', 'user200@example.com', 'deneth123', '2024-05-17 00:51:34', 'Isabella Smith', '2024-05-17 00:51:34', 18, 'Stanford', 'Engineering', 2022, 'Single', 'Female', '4578671958', 'personal_user200@example.com', 'https://user200.com', 'Both', '2006-05-17'),
(202, 'user201', 'user201@example.com', 'deneth123', '2024-05-17 00:51:34', 'Jacob Davis', '2024-05-17 00:51:34', 25, 'Harvard', 'Mathematics', 2021, 'In a relationship', 'Female', '9777709157', 'personal_user201@example.com', 'https://user201.com', 'Both', '1999-05-17'),
(203, 'user202', 'user202@example.com', 'deneth123', '2024-05-17 00:51:34', 'Emma Moore', '2024-05-17 00:51:34', 25, 'Stanford', 'Mathematics', 2022, 'Married', 'Male', '9891124252', 'personal_user202@example.com', 'https://user202.com', 'Women', '1999-05-17'),
(204, 'user203', 'user203@example.com', 'deneth123', '2024-05-17 00:51:34', 'Michael Williams', '2024-05-17 00:51:34', 23, 'Berkeley', 'Mathematics', 2020, 'Married', 'Other', '3065454835', 'personal_user203@example.com', 'https://user203.com', 'Women', '2001-05-17'),
(205, 'user204', 'user204@example.com', 'deneth123', '2024-05-17 00:51:34', 'Jacob Williams', '2024-05-17 00:51:34', 21, 'Harvard', 'Computer Science', 2022, 'Divorced', 'Male', '9285601523', 'personal_user204@example.com', 'https://user204.com', 'Men', '2003-05-17'),
(206, 'user205', 'user205@example.com', 'deneth123', '2024-05-17 00:51:34', 'Isabella Johnson', '2024-05-17 00:51:34', 18, 'MIT', 'Biology', 2023, 'In a relationship', 'Male', '1492123295', 'personal_user205@example.com', 'https://user205.com', 'Women', '2006-05-17'),
(207, 'user206', 'user206@example.com', 'deneth123', '2024-05-17 00:51:34', 'Daniel Miller', '2024-05-17 00:51:34', 22, 'Oxford', 'Engineering', 2022, 'Divorced', 'Male', '8969569391', 'personal_user206@example.com', 'https://user206.com', 'Both', '2002-05-17'),
(208, 'user207', 'user207@example.com', 'deneth123', '2024-05-17 00:51:34', 'Michael Johnson', '2024-05-17 00:51:34', 18, 'Berkeley', 'Mathematics', 2024, 'Divorced', 'Other', '7678800030', 'personal_user207@example.com', 'https://user207.com', 'Both', '2006-05-17'),
(209, 'user208', 'user208@example.com', 'deneth123', '2024-05-17 00:51:34', 'Ethan Miller', '2024-05-17 00:51:34', 19, 'Harvard', 'Mathematics', 2022, 'Divorced', 'Female', '7069157769', 'personal_user208@example.com', 'https://user208.com', 'Both', '2005-05-17'),
(210, 'user209', 'user209@example.com', 'deneth123', '2024-05-17 00:51:34', 'Sophia Williams', '2024-05-17 00:51:34', 23, 'Stanford', 'Engineering', 2023, 'In a relationship', 'Female', '3542237959', 'personal_user209@example.com', 'https://user209.com', 'Men', '2001-05-17'),
(211, 'user210', 'user210@example.com', 'deneth123', '2024-05-17 00:51:34', 'Ethan Williams', '2024-05-17 00:51:34', 22, 'Stanford', 'Engineering', 2021, 'In a relationship', 'Male', '4576183028', 'personal_user210@example.com', 'https://user210.com', 'Men', '2002-05-17'),
(212, 'user211', 'user211@example.com', 'deneth123', '2024-05-17 00:51:34', 'Jacob Davis', '2024-05-17 00:51:34', 23, 'MIT', 'Physics', 2022, 'Married', 'Other', '6403778508', 'personal_user211@example.com', 'https://user211.com', 'Women', '2001-05-17'),
(213, 'user212', 'user212@example.com', 'deneth123', '2024-05-17 00:51:34', 'Olivia Jones', '2024-05-17 00:51:34', 19, 'Stanford', 'Physics', 2022, 'Divorced', 'Other', '6049800835', 'personal_user212@example.com', 'https://user212.com', 'Both', '2005-05-17'),
(214, 'user213', 'user213@example.com', 'deneth123', '2024-05-17 00:51:34', 'Olivia Brown', '2024-05-17 00:51:34', 18, 'Berkeley', 'Physics', 2023, 'Married', 'Male', '8480033453', 'personal_user213@example.com', 'https://user213.com', 'Both', '2006-05-17'),
(215, 'user214', 'user214@example.com', 'deneth123', '2024-05-17 00:51:34', 'Michael Taylor', '2024-05-17 00:51:34', 25, 'Harvard', 'Biology', 2024, 'Divorced', 'Female', '4824687357', 'personal_user214@example.com', 'https://user214.com', 'Men', '1999-05-17'),
(216, 'user215', 'user215@example.com', 'deneth123', '2024-05-17 00:51:34', 'Sophia Moore', '2024-05-17 00:51:34', 19, 'MIT', 'Computer Science', 2023, 'Single', 'Male', '4367155476', 'personal_user215@example.com', 'https://user215.com', 'Both', '2005-05-17'),
(217, 'user216', 'user216@example.com', 'deneth123', '2024-05-17 00:51:34', 'Olivia Miller', '2024-05-17 00:51:34', 19, 'MIT', 'Computer Science', 2020, 'Single', 'Other', '4911604491', 'personal_user216@example.com', 'https://user216.com', 'Women', '2005-05-17'),
(218, 'user217', 'user217@example.com', 'deneth123', '2024-05-17 00:51:34', 'Sophia Davis', '2024-05-17 00:51:34', 21, 'Stanford', 'Engineering', 2021, 'Divorced', 'Female', '4417858566', 'personal_user217@example.com', 'https://user217.com', 'Women', '2003-05-17'),
(219, 'user218', 'user218@example.com', 'deneth123', '2024-05-17 00:51:34', 'Emma Brown', '2024-05-17 00:51:34', 19, 'Stanford', 'Engineering', 2022, 'Single', 'Other', '1003060872', 'personal_user218@example.com', 'https://user218.com', 'Men', '2005-05-17'),
(220, 'user219', 'user219@example.com', 'deneth123', '2024-05-17 00:51:34', 'Jacob Wilson', '2024-05-17 00:51:34', 25, 'MIT', 'Physics', 2020, 'Married', 'Other', '3005302556', 'personal_user219@example.com', 'https://user219.com', 'Men', '1999-05-17'),
(221, 'user220', 'user220@example.com', 'deneth123', '2024-05-17 00:51:34', 'Emily Taylor', '2024-05-17 00:51:34', 18, 'Berkeley', 'Engineering', 2024, 'Divorced', 'Other', '4864934681', 'personal_user220@example.com', 'https://user220.com', 'Women', '2006-05-17'),
(222, 'user221', 'user221@example.com', 'deneth123', '2024-05-17 00:51:34', 'Daniel Jones', '2024-05-17 00:51:34', 19, 'Oxford', 'Physics', 2023, 'Married', 'Other', '5610396126', 'personal_user221@example.com', 'https://user221.com', 'Men', '2005-05-17'),
(223, 'user222', 'user222@example.com', 'deneth123', '2024-05-17 00:51:34', 'Emma Moore', '2024-05-17 00:51:34', 21, 'Oxford', 'Biology', 2020, 'Divorced', 'Male', '8050965407', 'personal_user222@example.com', 'https://user222.com', 'Both', '2003-05-17'),
(224, 'user223', 'user223@example.com', 'deneth123', '2024-05-17 00:51:34', 'Jacob Smith', '2024-05-17 00:51:34', 18, 'Stanford', 'Physics', 2020, 'Married', 'Other', '3925100271', 'personal_user223@example.com', 'https://user223.com', 'Both', '2006-05-17'),
(225, 'user224', 'user224@example.com', 'deneth123', '2024-05-17 00:51:34', 'Isabella Taylor', '2024-05-17 00:51:34', 19, 'Harvard', 'Engineering', 2021, 'Divorced', 'Male', '5475957305', 'personal_user224@example.com', 'https://user224.com', 'Men', '2005-05-17'),
(226, 'user225', 'user225@example.com', 'deneth123', '2024-05-17 00:51:34', 'Daniel Miller', '2024-05-17 00:51:34', 24, 'Berkeley', 'Computer Science', 2024, 'In a relationship', 'Male', '4573398823', 'personal_user225@example.com', 'https://user225.com', 'Women', '2000-05-17'),
(227, 'user226', 'user226@example.com', 'deneth123', '2024-05-17 00:51:34', 'Michael Johnson', '2024-05-17 00:51:34', 19, 'MIT', 'Biology', 2022, 'Single', 'Female', '7495109706', 'personal_user226@example.com', 'https://user226.com', 'Women', '2005-05-17'),
(228, 'user227', 'user227@example.com', 'deneth123', '2024-05-17 00:51:34', 'Alexander Jones', '2024-05-17 00:51:34', 22, 'MIT', 'Mathematics', 2023, 'Single', 'Male', '9622532215', 'personal_user227@example.com', 'https://user227.com', 'Men', '2002-05-17'),
(229, 'user228', 'user228@example.com', 'deneth123', '2024-05-17 00:51:34', 'Alexander Moore', '2024-05-17 00:51:34', 19, 'Stanford', 'Engineering', 2022, 'Married', 'Male', '8596482985', 'personal_user228@example.com', 'https://user228.com', 'Women', '2005-05-17'),
(230, 'user229', 'user229@example.com', 'deneth123', '2024-05-17 00:51:34', 'Daniel Smith', '2024-05-17 00:51:34', 24, 'MIT', 'Computer Science', 2022, 'Married', 'Male', '8585097337', 'personal_user229@example.com', 'https://user229.com', 'Men', '2000-05-17'),
(231, 'user230', 'user230@example.com', 'deneth123', '2024-05-17 00:51:34', 'Michael Moore', '2024-05-17 00:51:34', 22, 'Harvard', 'Engineering', 2022, 'In a relationship', 'Female', '5930318055', 'personal_user230@example.com', 'https://user230.com', 'Both', '2002-05-17'),
(232, 'user231', 'user231@example.com', 'deneth123', '2024-05-17 00:51:34', 'Emma Wilson', '2024-05-17 00:51:34', 22, 'Berkeley', 'Mathematics', 2020, 'Married', 'Male', '8818662251', 'personal_user231@example.com', 'https://user231.com', 'Men', '2002-05-17'),
(233, 'user232', 'user232@example.com', 'deneth123', '2024-05-17 00:51:34', 'Emma Jones', '2024-05-17 00:51:34', 20, 'Oxford', 'Physics', 2023, 'In a relationship', 'Female', '3034101447', 'personal_user232@example.com', 'https://user232.com', 'Men', '2004-05-17'),
(234, 'user233', 'user233@example.com', 'deneth123', '2024-05-17 00:51:34', 'Ethan Williams', '2024-05-17 00:51:34', 22, 'Oxford', 'Physics', 2023, 'Single', 'Male', '9981156770', 'personal_user233@example.com', 'https://user233.com', 'Men', '2002-05-17'),
(235, 'user234', 'user234@example.com', 'deneth123', '2024-05-17 00:51:34', 'Daniel Jones', '2024-05-17 00:51:34', 23, 'Berkeley', 'Physics', 2022, 'In a relationship', 'Other', '1594319132', 'personal_user234@example.com', 'https://user234.com', 'Both', '2001-05-17'),
(236, 'user235', 'user235@example.com', 'deneth123', '2024-05-17 00:51:34', 'Jacob Wilson', '2024-05-17 00:51:34', 22, 'Stanford', 'Engineering', 2021, 'Divorced', 'Other', '6449943673', 'personal_user235@example.com', 'https://user235.com', 'Both', '2002-05-17'),
(237, 'user236', 'user236@example.com', 'deneth123', '2024-05-17 00:51:34', 'Ethan Smith', '2024-05-17 00:51:34', 20, 'Berkeley', 'Physics', 2024, 'Married', 'Other', '6469029440', 'personal_user236@example.com', 'https://user236.com', 'Men', '2004-05-17'),
(238, 'user237', 'user237@example.com', 'deneth123', '2024-05-17 00:51:34', 'Michael Davis', '2024-05-17 00:51:34', 23, 'Berkeley', 'Mathematics', 2022, 'Married', 'Male', '4723351395', 'personal_user237@example.com', 'https://user237.com', 'Women', '2001-05-17'),
(239, 'user238', 'user238@example.com', 'deneth123', '2024-05-17 00:51:34', 'Daniel Smith', '2024-05-17 00:51:34', 20, 'MIT', 'Mathematics', 2022, 'In a relationship', 'Other', '4836834443', 'personal_user238@example.com', 'https://user238.com', 'Both', '2004-05-17'),
(240, 'user239', 'user239@example.com', 'deneth123', '2024-05-17 00:51:34', 'Olivia Johnson', '2024-05-17 00:51:34', 19, 'MIT', 'Biology', 2023, 'Married', 'Female', '6878171857', 'personal_user239@example.com', 'https://user239.com', 'Women', '2005-05-17'),
(241, 'user240', 'user240@example.com', 'deneth123', '2024-05-17 00:51:34', 'Emma Johnson', '2024-05-17 00:51:34', 23, 'Oxford', 'Engineering', 2021, 'Married', 'Female', '8836705511', 'personal_user240@example.com', 'https://user240.com', 'Women', '2001-05-17'),
(242, 'user241', 'user241@example.com', 'deneth123', '2024-05-17 00:51:34', 'Ethan Taylor', '2024-05-17 00:51:34', 23, 'Stanford', 'Mathematics', 2021, 'In a relationship', 'Other', '7416066171', 'personal_user241@example.com', 'https://user241.com', 'Men', '2001-05-17'),
(243, 'user242', 'user242@example.com', 'deneth123', '2024-05-17 00:51:34', 'Emily Taylor', '2024-05-17 00:51:34', 20, 'Berkeley', 'Engineering', 2024, 'In a relationship', 'Male', '6530263236', 'personal_user242@example.com', 'https://user242.com', 'Men', '2004-05-17'),
(244, 'user243', 'user243@example.com', 'deneth123', '2024-05-17 00:51:34', 'Daniel Smith', '2024-05-17 00:51:34', 25, 'Stanford', 'Computer Science', 2020, 'Married', 'Female', '2381528854', 'personal_user243@example.com', 'https://user243.com', 'Both', '1999-05-17'),
(245, 'user244', 'user244@example.com', 'deneth123', '2024-05-17 00:51:34', 'Isabella Taylor', '2024-05-17 00:51:34', 20, 'Berkeley', 'Engineering', 2022, 'In a relationship', 'Female', '2655386657', 'personal_user244@example.com', 'https://user244.com', 'Both', '2004-05-17'),
(246, 'user245', 'user245@example.com', 'deneth123', '2024-05-17 00:51:34', 'Olivia Miller', '2024-05-17 00:51:34', 20, 'Stanford', 'Mathematics', 2023, 'Single', 'Female', '2558543069', 'personal_user245@example.com', 'https://user245.com', 'Women', '2004-05-17'),
(247, 'user246', 'user246@example.com', 'deneth123', '2024-05-17 00:51:34', 'Emily Davis', '2024-05-17 00:51:34', 24, 'MIT', 'Mathematics', 2024, 'Married', 'Female', '5553913960', 'personal_user246@example.com', 'https://user246.com', 'Men', '2000-05-17'),
(248, 'user247', 'user247@example.com', 'deneth123', '2024-05-17 00:51:34', 'Jacob Smith', '2024-05-17 00:51:34', 19, 'Harvard', 'Biology', 2023, 'Married', 'Other', '1710904870', 'personal_user247@example.com', 'https://user247.com', 'Both', '2005-05-17'),
(249, 'user248', 'user248@example.com', 'deneth123', '2024-05-17 00:51:34', 'Alexander Miller', '2024-05-17 00:51:34', 24, 'Oxford', 'Engineering', 2020, 'Married', 'Other', '4572639299', 'personal_user248@example.com', 'https://user248.com', 'Women', '2000-05-17'),
(250, 'user249', 'user249@example.com', 'deneth123', '2024-05-17 00:51:34', 'Isabella Moore', '2024-05-17 00:51:34', 22, 'Oxford', 'Computer Science', 2024, 'Married', 'Other', '8207503906', 'personal_user249@example.com', 'https://user249.com', 'Men', '2002-05-17'),
(251, 'user250', 'user250@example.com', 'deneth123', '2024-05-17 00:51:34', 'Olivia Wilson', '2024-05-17 00:51:34', 19, 'MIT', 'Mathematics', 2020, 'In a relationship', 'Male', '2371279650', 'personal_user250@example.com', 'https://user250.com', 'Women', '2005-05-17'),
(252, 'user251', 'user251@example.com', 'deneth123', '2024-05-17 00:51:34', 'Ethan Moore', '2024-05-17 00:51:34', 24, 'Harvard', 'Engineering', 2022, 'Divorced', 'Male', '5554084575', 'personal_user251@example.com', 'https://user251.com', 'Women', '2000-05-17'),
(253, 'user252', 'user252@example.com', 'deneth123', '2024-05-17 00:51:34', 'Michael Miller', '2024-05-17 00:51:34', 23, 'Stanford', 'Engineering', 2023, 'Married', 'Other', '6476101976', 'personal_user252@example.com', 'https://user252.com', 'Women', '2001-05-17'),
(254, 'user253', 'user253@example.com', 'deneth123', '2024-05-17 00:51:34', 'Alexander Miller', '2024-05-17 00:51:34', 23, 'Berkeley', 'Biology', 2023, 'Divorced', 'Other', '2478518628', 'personal_user253@example.com', 'https://user253.com', 'Men', '2001-05-17'),
(255, 'user254', 'user254@example.com', 'deneth123', '2024-05-17 00:51:34', 'Ethan Johnson', '2024-05-17 00:51:34', 23, 'MIT', 'Biology', 2022, 'Divorced', 'Female', '2400275501', 'personal_user254@example.com', 'https://user254.com', 'Both', '2001-05-17'),
(256, 'user255', 'user255@example.com', 'deneth123', '2024-05-17 00:51:34', 'Jacob Smith', '2024-05-17 00:51:34', 23, 'Berkeley', 'Biology', 2023, 'In a relationship', 'Other', '2480615722', 'personal_user255@example.com', 'https://user255.com', 'Both', '2001-05-17'),
(257, 'user256', 'user256@example.com', 'deneth123', '2024-05-17 00:51:34', 'Ethan Jones', '2024-05-17 00:51:34', 21, 'Oxford', 'Engineering', 2022, 'Divorced', 'Male', '7792335171', 'personal_user256@example.com', 'https://user256.com', 'Women', '2003-05-17'),
(258, 'user257', 'user257@example.com', 'deneth123', '2024-05-17 00:51:34', 'Alexander Williams', '2024-05-17 00:51:34', 23, 'Harvard', 'Mathematics', 2022, 'Single', 'Female', '9581353828', 'personal_user257@example.com', 'https://user257.com', 'Men', '2001-05-17'),
(259, 'user258', 'user258@example.com', 'deneth123', '2024-05-17 00:51:34', 'Olivia Brown', '2024-05-17 00:51:34', 18, 'Oxford', 'Computer Science', 2020, 'Divorced', 'Male', '9654347072', 'personal_user258@example.com', 'https://user258.com', 'Both', '2006-05-17'),
(260, 'user259', 'user259@example.com', 'deneth123', '2024-05-17 00:51:34', 'Jacob Jones', '2024-05-17 00:51:34', 23, 'MIT', 'Physics', 2022, 'Married', 'Other', '4732027851', 'personal_user259@example.com', 'https://user259.com', 'Men', '2001-05-17'),
(261, 'user260', 'user260@example.com', 'deneth123', '2024-05-17 00:51:34', 'Daniel Taylor', '2024-05-17 00:51:34', 20, 'Stanford', 'Engineering', 2024, 'Divorced', 'Female', '9044026730', 'personal_user260@example.com', 'https://user260.com', 'Men', '2004-05-17'),
(262, 'user261', 'user261@example.com', 'deneth123', '2024-05-17 00:51:34', 'Olivia Davis', '2024-05-17 00:51:34', 24, 'Berkeley', 'Mathematics', 2020, 'Single', 'Female', '6102719009', 'personal_user261@example.com', 'https://user261.com', 'Both', '2000-05-17'),
(263, 'user262', 'user262@example.com', 'deneth123', '2024-05-17 00:51:34', 'Ethan Wilson', '2024-05-17 00:51:34', 20, 'MIT', 'Biology', 2021, 'In a relationship', 'Other', '2639975340', 'personal_user262@example.com', 'https://user262.com', 'Men', '2004-05-17'),
(264, 'user263', 'user263@example.com', 'deneth123', '2024-05-17 00:51:34', 'Jacob Williams', '2024-05-17 00:51:34', 19, 'Berkeley', 'Mathematics', 2020, 'Married', 'Other', '4025805356', 'personal_user263@example.com', 'https://user263.com', 'Men', '2005-05-17'),
(265, 'user264', 'user264@example.com', 'deneth123', '2024-05-17 00:51:34', 'Emma Brown', '2024-05-17 00:51:34', 20, 'Oxford', 'Engineering', 2022, 'Single', 'Other', '6874241950', 'personal_user264@example.com', 'https://user264.com', 'Women', '2004-05-17'),
(266, 'user265', 'user265@example.com', 'deneth123', '2024-05-17 00:51:34', 'Jacob Moore', '2024-05-17 00:51:34', 19, 'Oxford', 'Mathematics', 2023, 'Divorced', 'Female', '5344063660', 'personal_user265@example.com', 'https://user265.com', 'Both', '2005-05-17'),
(267, 'user266', 'user266@example.com', 'deneth123', '2024-05-17 00:51:34', 'Alexander Davis', '2024-05-17 00:51:34', 19, 'MIT', 'Biology', 2022, 'Married', 'Male', '3974234856', 'personal_user266@example.com', 'https://user266.com', 'Men', '2005-05-17'),
(268, 'user267', 'user267@example.com', 'deneth123', '2024-05-17 00:51:34', 'Emma Smith', '2024-05-17 00:51:34', 24, 'Berkeley', 'Engineering', 2024, 'Divorced', 'Male', '2158608652', 'personal_user267@example.com', 'https://user267.com', 'Both', '2000-05-17'),
(269, 'user268', 'user268@example.com', 'deneth123', '2024-05-17 00:51:34', 'Olivia Smith', '2024-05-17 00:51:34', 19, 'Harvard', 'Biology', 2021, 'Single', 'Other', '3516935231', 'personal_user268@example.com', 'https://user268.com', 'Women', '2005-05-17'),
(270, 'user269', 'user269@example.com', 'deneth123', '2024-05-17 00:51:34', 'Emma Brown', '2024-05-17 00:51:34', 25, 'Harvard', 'Engineering', 2024, 'Married', 'Other', '2529464173', 'personal_user269@example.com', 'https://user269.com', 'Men', '1999-05-17'),
(271, 'user270', 'user270@example.com', 'deneth123', '2024-05-17 00:51:34', 'Olivia Williams', '2024-05-17 00:51:34', 18, 'MIT', 'Computer Science', 2022, 'Married', 'Female', '5508240260', 'personal_user270@example.com', 'https://user270.com', 'Women', '2006-05-17'),
(272, 'user271', 'user271@example.com', 'deneth123', '2024-05-17 00:51:34', 'Daniel Williams', '2024-05-17 00:51:34', 21, 'Oxford', 'Engineering', 2022, 'In a relationship', 'Other', '9510842680', 'personal_user271@example.com', 'https://user271.com', 'Both', '2003-05-17'),
(273, 'user272', 'user272@example.com', 'deneth123', '2024-05-17 00:51:34', 'Ethan Jones', '2024-05-17 00:51:34', 18, 'Oxford', 'Mathematics', 2021, 'In a relationship', 'Male', '3112629455', 'personal_user272@example.com', 'https://user272.com', 'Women', '2006-05-17'),
(274, 'user273', 'user273@example.com', 'deneth123', '2024-05-17 00:51:34', 'Sophia Wilson', '2024-05-17 00:51:34', 24, 'Berkeley', 'Biology', 2024, 'Divorced', 'Male', '4444896791', 'personal_user273@example.com', 'https://user273.com', 'Both', '2000-05-17'),
(275, 'user274', 'user274@example.com', 'deneth123', '2024-05-17 00:51:34', 'Ethan Taylor', '2024-05-17 00:51:34', 24, 'MIT', 'Mathematics', 2020, 'Divorced', 'Male', '2291886539', 'personal_user274@example.com', 'https://user274.com', 'Men', '2000-05-17'),
(276, 'user275', 'user275@example.com', 'deneth123', '2024-05-17 00:51:34', 'Olivia Davis', '2024-05-17 00:51:34', 25, 'MIT', 'Computer Science', 2024, 'Single', 'Male', '8067771925', 'personal_user275@example.com', 'https://user275.com', 'Women', '1999-05-17'),
(277, 'user276', 'user276@example.com', 'deneth123', '2024-05-17 00:51:34', 'Sophia Davis', '2024-05-17 00:51:34', 25, 'Harvard', 'Mathematics', 2022, 'Divorced', 'Male', '6924235919', 'personal_user276@example.com', 'https://user276.com', 'Men', '1999-05-17'),
(278, 'user277', 'user277@example.com', 'deneth123', '2024-05-17 00:51:34', 'Emily Jones', '2024-05-17 00:51:34', 19, 'Oxford', 'Computer Science', 2023, 'Divorced', 'Other', '3909501777', 'personal_user277@example.com', 'https://user277.com', 'Men', '2005-05-17'),
(279, 'user278', 'user278@example.com', 'deneth123', '2024-05-17 00:51:34', 'Emma Smith', '2024-05-17 00:51:34', 24, 'Harvard', 'Physics', 2021, 'In a relationship', 'Female', '3474888694', 'personal_user278@example.com', 'https://user278.com', 'Men', '2000-05-17'),
(280, 'user279', 'user279@example.com', 'deneth123', '2024-05-17 00:51:34', 'Emma Johnson', '2024-05-17 00:51:34', 19, 'Berkeley', 'Engineering', 2022, 'In a relationship', 'Other', '3774633527', 'personal_user279@example.com', 'https://user279.com', 'Both', '2005-05-17'),
(281, 'user280', 'user280@example.com', 'deneth123', '2024-05-17 00:51:34', 'Daniel Williams', '2024-05-17 00:51:34', 20, 'Berkeley', 'Mathematics', 2024, 'In a relationship', 'Female', '7625208267', 'personal_user280@example.com', 'https://user280.com', 'Men', '2004-05-17'),
(282, 'user281', 'user281@example.com', 'deneth123', '2024-05-17 00:51:34', 'Emma Miller', '2024-05-17 00:51:34', 24, 'MIT', 'Biology', 2020, 'Divorced', 'Male', '2665909090', 'personal_user281@example.com', 'https://user281.com', 'Men', '2000-05-17'),
(283, 'user282', 'user282@example.com', 'deneth123', '2024-05-17 00:51:34', 'Alexander Davis', '2024-05-17 00:51:34', 23, 'Stanford', 'Computer Science', 2023, 'In a relationship', 'Male', '8769628592', 'personal_user282@example.com', 'https://user282.com', 'Women', '2001-05-17'),
(284, 'user283', 'user283@example.com', 'deneth123', '2024-05-17 00:51:34', 'Isabella Davis', '2024-05-17 00:51:34', 21, 'Oxford', 'Engineering', 2023, 'Divorced', 'Other', '2283607790', 'personal_user283@example.com', 'https://user283.com', 'Men', '2003-05-17'),
(285, 'user284', 'user284@example.com', 'deneth123', '2024-05-17 00:51:34', 'Olivia Wilson', '2024-05-17 00:51:34', 22, 'Stanford', 'Engineering', 2024, 'In a relationship', 'Other', '6914008487', 'personal_user284@example.com', 'https://user284.com', 'Women', '2002-05-17'),
(286, 'user285', 'user285@example.com', 'deneth123', '2024-05-17 00:51:34', 'Jacob Brown', '2024-05-17 00:51:34', 21, 'Oxford', 'Mathematics', 2020, 'In a relationship', 'Male', '9451443919', 'personal_user285@example.com', 'https://user285.com', 'Men', '2003-05-17'),
(287, 'user286', 'user286@example.com', 'deneth123', '2024-05-17 00:51:34', 'Sophia Davis', '2024-05-17 00:51:34', 21, 'Oxford', 'Computer Science', 2024, 'Married', 'Other', '8243265607', 'personal_user286@example.com', 'https://user286.com', 'Both', '2003-05-17'),
(288, 'user287', 'user287@example.com', 'deneth123', '2024-05-17 00:51:34', 'Daniel Brown', '2024-05-17 00:51:34', 25, 'Stanford', 'Biology', 2023, 'Single', 'Other', '2996919328', 'personal_user287@example.com', 'https://user287.com', 'Women', '1999-05-17'),
(289, 'user288', 'user288@example.com', 'deneth123', '2024-05-17 00:51:34', 'Emma Wilson', '2024-05-17 00:51:34', 23, 'Stanford', 'Computer Science', 2023, 'Married', 'Male', '8784804060', 'personal_user288@example.com', 'https://user288.com', 'Women', '2001-05-17'),
(290, 'user289', 'user289@example.com', 'deneth123', '2024-05-17 00:51:34', 'Emma Brown', '2024-05-17 00:51:34', 21, 'Stanford', 'Mathematics', 2022, 'In a relationship', 'Other', '3286018722', 'personal_user289@example.com', 'https://user289.com', 'Women', '2003-05-17'),
(291, 'user290', 'user290@example.com', 'deneth123', '2024-05-17 00:51:34', 'Emily Johnson', '2024-05-17 00:51:34', 19, 'Oxford', 'Computer Science', 2022, 'Single', 'Other', '3643272677', 'personal_user290@example.com', 'https://user290.com', 'Both', '2005-05-17'),
(292, 'user291', 'user291@example.com', 'deneth123', '2024-05-17 00:51:34', 'Emily Moore', '2024-05-17 00:51:34', 18, 'Berkeley', 'Mathematics', 2020, 'Single', 'Other', '7344152875', 'personal_user291@example.com', 'https://user291.com', 'Women', '2006-05-17'),
(293, 'user292', 'user292@example.com', 'deneth123', '2024-05-17 00:51:34', 'Emily Brown', '2024-05-17 00:51:34', 20, 'Berkeley', 'Computer Science', 2023, 'Single', 'Male', '5224318699', 'personal_user292@example.com', 'https://user292.com', 'Both', '2004-05-17'),
(294, 'user293', 'user293@example.com', 'deneth123', '2024-05-17 00:51:34', 'Alexander Smith', '2024-05-17 00:51:34', 20, 'MIT', 'Computer Science', 2024, 'Single', 'Female', '5259109527', 'personal_user293@example.com', 'https://user293.com', 'Men', '2004-05-17'),
(295, 'user294', 'user294@example.com', 'deneth123', '2024-05-17 00:51:34', 'Sophia Jones', '2024-05-17 00:51:34', 19, 'Berkeley', 'Biology', 2021, 'In a relationship', 'Male', '9272428937', 'personal_user294@example.com', 'https://user294.com', 'Women', '2005-05-17'),
(296, 'user295', 'user295@example.com', 'deneth123', '2024-05-17 00:51:34', 'Emma Taylor', '2024-05-17 00:51:34', 22, 'Oxford', 'Computer Science', 2020, 'Divorced', 'Other', '4779785379', 'personal_user295@example.com', 'https://user295.com', 'Both', '2002-05-17'),
(297, 'user296', 'user296@example.com', 'deneth123', '2024-05-17 00:51:34', 'Alexander Johnson', '2024-05-17 00:51:34', 24, 'Harvard', 'Mathematics', 2023, 'Single', 'Female', '8978553236', 'personal_user296@example.com', 'https://user296.com', 'Women', '2000-05-17'),
(298, 'user297', 'user297@example.com', 'deneth123', '2024-05-17 00:51:34', 'Jacob Wilson', '2024-05-17 00:51:34', 22, 'Harvard', 'Engineering', 2021, 'Married', 'Female', '4455715716', 'personal_user297@example.com', 'https://user297.com', 'Women', '2002-05-17'),
(299, 'user298', 'user298@example.com', 'deneth123', '2024-05-17 00:51:34', 'Isabella Johnson', '2024-05-17 00:51:34', 21, 'MIT', 'Engineering', 2024, 'Divorced', 'Female', '6828668884', 'personal_user298@example.com', 'https://user298.com', 'Both', '2003-05-17'),
(300, 'user299', 'user299@example.com', 'deneth123', '2024-05-17 00:51:34', 'Daniel Jones', '2024-05-17 00:51:34', 21, 'MIT', 'Biology', 2023, 'Single', 'Male', '9599702490', 'personal_user299@example.com', 'https://user299.com', 'Both', '2003-05-17'),
(301, 'user300', 'user300@example.com', 'deneth123', '2024-05-17 00:51:34', 'Olivia Williams', '2024-05-17 00:51:34', 24, 'Harvard', 'Engineering', 2020, 'Married', 'Other', '4977438164', 'personal_user300@example.com', 'https://user300.com', 'Women', '2000-05-17'),
(302, 'user301', 'user301@example.com', 'deneth123', '2024-05-17 00:51:34', 'Jacob Smith', '2024-05-17 00:51:34', 19, 'Oxford', 'Mathematics', 2024, 'In a relationship', 'Male', '5305761984', 'personal_user301@example.com', 'https://user301.com', 'Women', '2005-05-17'),
(303, 'user302', 'user302@example.com', 'deneth123', '2024-05-17 00:51:34', 'Jacob Moore', '2024-05-17 00:51:34', 21, 'Harvard', 'Physics', 2024, 'In a relationship', 'Female', '9743798703', 'personal_user302@example.com', 'https://user302.com', 'Men', '2003-05-17'),
(304, 'user303', 'user303@example.com', 'deneth123', '2024-05-17 00:51:34', 'Alexander Williams', '2024-05-17 00:51:34', 24, 'Berkeley', 'Physics', 2023, 'In a relationship', 'Female', '9078204045', 'personal_user303@example.com', 'https://user303.com', 'Men', '2000-05-17'),
(305, 'user304', 'user304@example.com', 'deneth123', '2024-05-17 00:51:34', 'Alexander Wilson', '2024-05-17 00:51:34', 22, 'Harvard', 'Physics', 2020, 'In a relationship', 'Female', '4742062005', 'personal_user304@example.com', 'https://user304.com', 'Women', '2002-05-17'),
(306, 'user305', 'user305@example.com', 'deneth123', '2024-05-17 00:51:34', 'Emily Smith', '2024-05-17 00:51:34', 23, 'Berkeley', 'Mathematics', 2020, 'In a relationship', 'Male', '2306893625', 'personal_user305@example.com', 'https://user305.com', 'Women', '2001-05-17'),
(307, 'user306', 'user306@example.com', 'deneth123', '2024-05-17 00:51:34', 'Ethan Brown', '2024-05-17 00:51:34', 25, 'Oxford', 'Engineering', 2021, 'Single', 'Female', '7588075264', 'personal_user306@example.com', 'https://user306.com', 'Men', '1999-05-17'),
(308, 'user307', 'user307@example.com', 'deneth123', '2024-05-17 00:51:34', 'Emma Moore', '2024-05-17 00:51:34', 21, 'Oxford', 'Computer Science', 2022, 'Single', 'Female', '8939012251', 'personal_user307@example.com', 'https://user307.com', 'Both', '2003-05-17'),
(309, 'user308', 'user308@example.com', 'deneth123', '2024-05-17 00:51:34', 'Sophia Taylor', '2024-05-17 00:51:34', 21, 'Harvard', 'Mathematics', 2021, 'Married', 'Female', '7399794220', 'personal_user308@example.com', 'https://user308.com', 'Men', '2003-05-17'),
(310, 'user309', 'user309@example.com', 'deneth123', '2024-05-17 00:51:34', 'Alexander Miller', '2024-05-17 00:51:34', 23, 'Stanford', 'Physics', 2023, 'Married', 'Female', '5314429449', 'personal_user309@example.com', 'https://user309.com', 'Women', '2001-05-17'),
(311, 'user310', 'user310@example.com', 'deneth123', '2024-05-17 00:51:34', 'Michael Miller', '2024-05-17 00:51:34', 19, 'MIT', 'Biology', 2021, 'Divorced', 'Male', '6872571171', 'personal_user310@example.com', 'https://user310.com', 'Both', '2005-05-17'),
(312, 'user311', 'user311@example.com', 'deneth123', '2024-05-17 00:51:34', 'Sophia Taylor', '2024-05-17 00:51:34', 18, 'Harvard', 'Biology', 2020, 'Married', 'Male', '5219821391', 'personal_user311@example.com', 'https://user311.com', 'Both', '2006-05-17'),
(313, 'user312', 'user312@example.com', 'deneth123', '2024-05-17 00:51:34', 'Daniel Jones', '2024-05-17 00:51:34', 18, 'MIT', 'Computer Science', 2023, 'Divorced', 'Female', '6284206192', 'personal_user312@example.com', 'https://user312.com', 'Men', '2006-05-17'),
(314, 'user313', 'user313@example.com', 'deneth123', '2024-05-17 00:51:34', 'Alexander Smith', '2024-05-17 00:51:34', 20, 'Harvard', 'Mathematics', 2021, 'Single', 'Female', '4034682552', 'personal_user313@example.com', 'https://user313.com', 'Both', '2004-05-17'),
(315, 'user314', 'user314@example.com', 'deneth123', '2024-05-17 00:51:34', 'Isabella Wilson', '2024-05-17 00:51:34', 20, 'Oxford', 'Physics', 2020, 'In a relationship', 'Other', '3918427899', 'personal_user314@example.com', 'https://user314.com', 'Men', '2004-05-17'),
(316, 'user315', 'user315@example.com', 'deneth123', '2024-05-17 00:51:34', 'Daniel Taylor', '2024-05-17 00:51:34', 18, 'Stanford', 'Engineering', 2022, 'Single', 'Female', '4268034636', 'personal_user315@example.com', 'https://user315.com', 'Women', '2006-05-17'),
(317, 'user316', 'user316@example.com', 'deneth123', '2024-05-17 00:51:34', 'Ethan Smith', '2024-05-17 00:51:34', 18, 'Harvard', 'Biology', 2022, 'Divorced', 'Female', '3164676231', 'personal_user316@example.com', 'https://user316.com', 'Both', '2006-05-17'),
(318, 'user317', 'user317@example.com', 'deneth123', '2024-05-17 00:51:34', 'Sophia Johnson', '2024-05-17 00:51:34', 22, 'MIT', 'Engineering', 2022, 'Single', 'Other', '3722451357', 'personal_user317@example.com', 'https://user317.com', 'Women', '2002-05-17'),
(319, 'user318', 'user318@example.com', 'deneth123', '2024-05-17 00:51:34', 'Isabella Williams', '2024-05-17 00:51:34', 23, 'MIT', 'Computer Science', 2024, 'Single', 'Female', '8747812433', 'personal_user318@example.com', 'https://user318.com', 'Women', '2001-05-17'),
(320, 'user319', 'user319@example.com', 'deneth123', '2024-05-17 00:51:34', 'Daniel Brown', '2024-05-17 00:51:34', 24, 'MIT', 'Computer Science', 2022, 'Divorced', 'Male', '1908092863', 'personal_user319@example.com', 'https://user319.com', 'Women', '2000-05-17'),
(321, 'user320', 'user320@example.com', 'deneth123', '2024-05-17 00:51:34', 'Isabella Miller', '2024-05-17 00:51:34', 22, 'Stanford', 'Computer Science', 2020, 'Single', 'Female', '2437456328', 'personal_user320@example.com', 'https://user320.com', 'Both', '2002-05-17'),
(322, 'user321', 'user321@example.com', 'deneth123', '2024-05-17 00:51:34', 'Emily Jones', '2024-05-17 00:51:34', 21, 'MIT', 'Biology', 2024, 'Single', 'Female', '8960541589', 'personal_user321@example.com', 'https://user321.com', 'Women', '2003-05-17'),
(323, 'user322', 'user322@example.com', 'deneth123', '2024-05-17 00:51:34', 'Emma Davis', '2024-05-17 00:51:34', 22, 'Berkeley', 'Mathematics', 2023, 'Married', 'Other', '9018043850', 'personal_user322@example.com', 'https://user322.com', 'Women', '2002-05-17'),
(324, 'user323', 'user323@example.com', 'deneth123', '2024-05-17 00:51:34', 'Isabella Brown', '2024-05-17 00:51:34', 24, 'Berkeley', 'Computer Science', 2021, 'Divorced', 'Other', '2535591570', 'personal_user323@example.com', 'https://user323.com', 'Men', '2000-05-17'),
(325, 'user324', 'user324@example.com', 'deneth123', '2024-05-17 00:51:34', 'Michael Brown', '2024-05-17 00:51:34', 18, 'Stanford', 'Biology', 2023, 'Single', 'Male', '5431747761', 'personal_user324@example.com', 'https://user324.com', 'Women', '2006-05-17'),
(326, 'user325', 'user325@example.com', 'deneth123', '2024-05-17 00:51:34', 'Olivia Taylor', '2024-05-17 00:51:34', 21, 'MIT', 'Computer Science', 2023, 'Single', 'Female', '4237012359', 'personal_user325@example.com', 'https://user325.com', 'Both', '2003-05-17'),
(327, 'user326', 'user326@example.com', 'deneth123', '2024-05-17 00:51:34', 'Sophia Moore', '2024-05-17 00:51:34', 25, 'MIT', 'Biology', 2024, 'Divorced', 'Female', '7793765724', 'personal_user326@example.com', 'https://user326.com', 'Men', '1999-05-17'),
(328, 'user327', 'user327@example.com', 'deneth123', '2024-05-17 00:51:34', 'Daniel Johnson', '2024-05-17 00:51:34', 24, 'Oxford', 'Mathematics', 2020, 'Divorced', 'Male', '6152264197', 'personal_user327@example.com', 'https://user327.com', 'Men', '2000-05-17'),
(329, 'user328', 'user328@example.com', 'deneth123', '2024-05-17 00:51:34', 'Olivia Moore', '2024-05-17 00:51:34', 25, 'Oxford', 'Biology', 2020, 'Single', 'Female', '3645214742', 'personal_user328@example.com', 'https://user328.com', 'Men', '1999-05-17'),
(330, 'user329', 'user329@example.com', 'deneth123', '2024-05-17 00:51:34', 'Ethan Brown', '2024-05-17 00:51:34', 22, 'Harvard', 'Mathematics', 2022, 'Married', 'Female', '6539173908', 'personal_user329@example.com', 'https://user329.com', 'Both', '2002-05-17'),
(331, 'user330', 'user330@example.com', 'deneth123', '2024-05-17 00:51:34', 'Emma Davis', '2024-05-17 00:51:34', 25, 'MIT', 'Biology', 2024, 'Divorced', 'Male', '7467622526', 'personal_user330@example.com', 'https://user330.com', 'Women', '1999-05-17'),
(332, 'user331', 'user331@example.com', 'deneth123', '2024-05-17 00:51:34', 'Emma Taylor', '2024-05-17 00:51:34', 23, 'Stanford', 'Mathematics', 2020, 'Married', 'Female', '5056954480', 'personal_user331@example.com', 'https://user331.com', 'Men', '2001-05-17'),
(333, 'user332', 'user332@example.com', 'deneth123', '2024-05-17 00:51:34', 'Emily Williams', '2024-05-17 00:51:34', 22, 'Harvard', 'Biology', 2024, 'Single', 'Male', '9079030069', 'personal_user332@example.com', 'https://user332.com', 'Men', '2002-05-17'),
(334, 'user333', 'user333@example.com', 'deneth123', '2024-05-17 00:51:34', 'Alexander Taylor', '2024-05-17 00:51:34', 18, 'Stanford', 'Computer Science', 2020, 'Divorced', 'Female', '3809573925', 'personal_user333@example.com', 'https://user333.com', 'Women', '2006-05-17'),
(335, 'user334', 'user334@example.com', 'deneth123', '2024-05-17 00:51:34', 'Isabella Miller', '2024-05-17 00:51:34', 22, 'MIT', 'Engineering', 2022, 'In a relationship', 'Male', '4458957439', 'personal_user334@example.com', 'https://user334.com', 'Women', '2002-05-17'),
(336, 'user335', 'user335@example.com', 'deneth123', '2024-05-17 00:51:34', 'Alexander Williams', '2024-05-17 00:51:34', 19, 'Harvard', 'Mathematics', 2022, 'Divorced', 'Male', '5937422441', 'personal_user335@example.com', 'https://user335.com', 'Women', '2005-05-17'),
(337, 'user336', 'user336@example.com', 'deneth123', '2024-05-17 00:51:34', 'Sophia Jones', '2024-05-17 00:51:34', 24, 'Oxford', 'Engineering', 2020, 'Single', 'Male', '7337442866', 'personal_user336@example.com', 'https://user336.com', 'Women', '2000-05-17'),
(338, 'user337', 'user337@example.com', 'deneth123', '2024-05-17 00:51:34', 'Daniel Miller', '2024-05-17 00:51:34', 20, 'Stanford', 'Physics', 2022, 'Married', 'Female', '6572735121', 'personal_user337@example.com', 'https://user337.com', 'Both', '2004-05-17'),
(339, 'user338', 'user338@example.com', 'deneth123', '2024-05-17 00:51:34', 'Ethan Smith', '2024-05-17 00:51:34', 21, 'Oxford', 'Computer Science', 2022, 'Married', 'Other', '8824297266', 'personal_user338@example.com', 'https://user338.com', 'Women', '2003-05-17'),
(340, 'user339', 'user339@example.com', 'deneth123', '2024-05-17 00:51:34', 'Olivia Davis', '2024-05-17 00:51:34', 22, 'Harvard', 'Mathematics', 2024, 'Divorced', 'Other', '8402507317', 'personal_user339@example.com', 'https://user339.com', 'Both', '2002-05-17'),
(341, 'user340', 'user340@example.com', 'deneth123', '2024-05-17 00:51:34', 'Olivia Brown', '2024-05-17 00:51:34', 24, 'Berkeley', 'Biology', 2021, 'Married', 'Other', '7052671605', 'personal_user340@example.com', 'https://user340.com', 'Women', '2000-05-17'),
(342, 'user341', 'user341@example.com', 'deneth123', '2024-05-17 00:51:34', 'Emma Brown', '2024-05-17 00:51:34', 24, 'MIT', 'Engineering', 2023, 'Married', 'Male', '5055798086', 'personal_user341@example.com', 'https://user341.com', 'Both', '2000-05-17'),
(343, 'user342', 'user342@example.com', 'deneth123', '2024-05-17 00:51:34', 'Isabella Jones', '2024-05-17 00:51:34', 24, 'MIT', 'Physics', 2024, 'Single', 'Other', '3846541135', 'personal_user342@example.com', 'https://user342.com', 'Women', '2000-05-17'),
(344, 'user343', 'user343@example.com', 'deneth123', '2024-05-17 00:51:34', 'Olivia Wilson', '2024-05-17 00:51:34', 22, 'Oxford', 'Mathematics', 2024, 'Divorced', 'Male', '4879790261', 'personal_user343@example.com', 'https://user343.com', 'Both', '2002-05-17'),
(345, 'user344', 'user344@example.com', 'deneth123', '2024-05-17 00:51:34', 'Isabella Williams', '2024-05-17 00:51:34', 18, 'Harvard', 'Biology', 2022, 'Married', 'Female', '2362170416', 'personal_user344@example.com', 'https://user344.com', 'Women', '2006-05-17'),
(346, 'user345', 'user345@example.com', 'deneth123', '2024-05-17 00:51:34', 'Sophia Johnson', '2024-05-17 00:51:34', 21, 'MIT', 'Computer Science', 2022, 'Married', 'Male', '1589137172', 'personal_user345@example.com', 'https://user345.com', 'Men', '2003-05-17'),
(347, 'user346', 'user346@example.com', 'deneth123', '2024-05-17 00:51:34', 'Michael Davis', '2024-05-17 00:51:34', 19, 'Harvard', 'Engineering', 2021, 'Married', 'Other', '7419744700', 'personal_user346@example.com', 'https://user346.com', 'Men', '2005-05-17'),
(348, 'user347', 'user347@example.com', 'deneth123', '2024-05-17 00:51:34', 'Sophia Davis', '2024-05-17 00:51:34', 20, 'Oxford', 'Mathematics', 2023, 'Married', 'Male', '7407884748', 'personal_user347@example.com', 'https://user347.com', 'Women', '2004-05-17'),
(349, 'user348', 'user348@example.com', 'deneth123', '2024-05-17 00:51:34', 'Alexander Smith', '2024-05-17 00:51:34', 22, 'Stanford', 'Computer Science', 2024, 'Divorced', 'Male', '2034531057', 'personal_user348@example.com', 'https://user348.com', 'Men', '2002-05-17'),
(350, 'user349', 'user349@example.com', 'deneth123', '2024-05-17 00:51:34', 'Ethan Johnson', '2024-05-17 00:51:34', 19, 'Harvard', 'Engineering', 2023, 'Married', 'Other', '5904790251', 'personal_user349@example.com', 'https://user349.com', 'Women', '2005-05-17'),
(351, 'user350', 'user350@example.com', 'deneth123', '2024-05-17 00:51:34', 'Sophia Miller', '2024-05-17 00:51:34', 19, 'Berkeley', 'Computer Science', 2021, 'In a relationship', 'Male', '4842010219', 'personal_user350@example.com', 'https://user350.com', 'Men', '2005-05-17'),
(352, 'user351', 'user351@example.com', 'deneth123', '2024-05-17 00:51:34', 'Michael Taylor', '2024-05-17 00:51:34', 21, 'Stanford', 'Biology', 2021, 'Married', 'Male', '2224683302', 'personal_user351@example.com', 'https://user351.com', 'Both', '2003-05-17'),
(353, 'user352', 'user352@example.com', 'deneth123', '2024-05-17 00:51:34', 'Emily Taylor', '2024-05-17 00:51:34', 25, 'Oxford', 'Computer Science', 2020, 'Married', 'Male', '4726840356', 'personal_user352@example.com', 'https://user352.com', 'Women', '1999-05-17'),
(354, 'user353', 'user353@example.com', 'deneth123', '2024-05-17 00:51:34', 'Sophia Moore', '2024-05-17 00:51:34', 22, 'Harvard', 'Computer Science', 2023, 'Single', 'Male', '6673836273', 'personal_user353@example.com', 'https://user353.com', 'Men', '2002-05-17'),
(355, 'user354', 'user354@example.com', 'deneth123', '2024-05-17 00:51:34', 'Emily Johnson', '2024-05-17 00:51:34', 20, 'Berkeley', 'Engineering', 2020, 'Divorced', 'Female', '5782160746', 'personal_user354@example.com', 'https://user354.com', 'Women', '2004-05-17'),
(356, 'user355', 'user355@example.com', 'deneth123', '2024-05-17 00:51:34', 'Jacob Davis', '2024-05-17 00:51:34', 20, 'Berkeley', 'Engineering', 2023, 'Married', 'Other', '8248893936', 'personal_user355@example.com', 'https://user355.com', 'Men', '2004-05-17'),
(357, 'user356', 'user356@example.com', 'deneth123', '2024-05-17 00:51:34', 'Olivia Johnson', '2024-05-17 00:51:34', 20, 'Berkeley', 'Biology', 2022, 'Single', 'Other', '5450052971', 'personal_user356@example.com', 'https://user356.com', 'Both', '2004-05-17'),
(358, 'user357', 'user357@example.com', 'deneth123', '2024-05-17 00:51:34', 'Emma Jones', '2024-05-17 00:51:34', 18, 'Stanford', 'Biology', 2021, 'Divorced', 'Female', '3496360047', 'personal_user357@example.com', 'https://user357.com', 'Women', '2006-05-17'),
(359, 'user358', 'user358@example.com', 'deneth123', '2024-05-17 00:51:34', 'Ethan Williams', '2024-05-17 00:51:34', 22, 'Berkeley', 'Biology', 2021, 'Single', 'Male', '2529027770', 'personal_user358@example.com', 'https://user358.com', 'Men', '2002-05-17'),
(360, 'user359', 'user359@example.com', 'deneth123', '2024-05-17 00:51:34', 'Sophia Jones', '2024-05-17 00:51:34', 23, 'Stanford', 'Biology', 2023, 'Divorced', 'Male', '3943418315', 'personal_user359@example.com', 'https://user359.com', 'Men', '2001-05-17'),
(361, 'user360', 'user360@example.com', 'deneth123', '2024-05-17 00:51:34', 'Sophia Smith', '2024-05-17 00:51:34', 18, 'Harvard', 'Engineering', 2021, 'In a relationship', 'Female', '4405835016', 'personal_user360@example.com', 'https://user360.com', 'Both', '2006-05-17'),
(362, 'user361', 'user361@example.com', 'deneth123', '2024-05-17 00:51:34', 'Olivia Johnson', '2024-05-17 00:51:34', 20, 'Harvard', 'Physics', 2022, 'In a relationship', 'Male', '5650769012', 'personal_user361@example.com', 'https://user361.com', 'Men', '2004-05-17'),
(363, 'user362', 'user362@example.com', 'deneth123', '2024-05-17 00:51:34', 'Emily Brown', '2024-05-17 00:51:34', 25, 'Harvard', 'Engineering', 2023, 'Divorced', 'Female', '7106961867', 'personal_user362@example.com', 'https://user362.com', 'Both', '1999-05-17'),
(364, 'user363', 'user363@example.com', 'deneth123', '2024-05-17 00:51:34', 'Daniel Miller', '2024-05-17 00:51:34', 19, 'Harvard', 'Biology', 2021, 'In a relationship', 'Female', '4503377637', 'personal_user363@example.com', 'https://user363.com', 'Women', '2005-05-17'),
(365, 'user364', 'user364@example.com', 'deneth123', '2024-05-17 00:51:34', 'Jacob Smith', '2024-05-17 00:51:34', 24, 'MIT', 'Biology', 2020, 'Single', 'Other', '4585846912', 'personal_user364@example.com', 'https://user364.com', 'Men', '2000-05-17'),
(366, 'user365', 'user365@example.com', 'deneth123', '2024-05-17 00:51:34', 'Daniel Davis', '2024-05-17 00:51:34', 20, 'Oxford', 'Computer Science', 2023, 'Single', 'Other', '5444781749', 'personal_user365@example.com', 'https://user365.com', 'Women', '2004-05-17'),
(367, 'user366', 'user366@example.com', 'deneth123', '2024-05-17 00:51:34', 'Emily Moore', '2024-05-17 00:51:34', 21, 'MIT', 'Engineering', 2024, 'Married', 'Male', '1870131923', 'personal_user366@example.com', 'https://user366.com', 'Men', '2003-05-17'),
(368, 'user367', 'user367@example.com', 'deneth123', '2024-05-17 00:51:34', 'Emma Davis', '2024-05-17 00:51:34', 21, 'Berkeley', 'Computer Science', 2022, 'Divorced', 'Male', '8995984857', 'personal_user367@example.com', 'https://user367.com', 'Both', '2003-05-17'),
(369, 'user368', 'user368@example.com', 'deneth123', '2024-05-17 00:51:34', 'Emma Taylor', '2024-05-17 00:51:34', 22, 'Harvard', 'Mathematics', 2022, 'Married', 'Male', '9148047201', 'personal_user368@example.com', 'https://user368.com', 'Men', '2002-05-17'),
(370, 'user369', 'user369@example.com', 'deneth123', '2024-05-17 00:51:34', 'Michael Smith', '2024-05-17 00:51:34', 21, 'Berkeley', 'Mathematics', 2023, 'Married', 'Male', '9660523695', 'personal_user369@example.com', 'https://user369.com', 'Both', '2003-05-17'),
(371, 'user370', 'user370@example.com', 'deneth123', '2024-05-17 00:51:34', 'Ethan Brown', '2024-05-17 00:51:34', 22, 'Oxford', 'Mathematics', 2020, 'Single', 'Male', '8325105181', 'personal_user370@example.com', 'https://user370.com', 'Both', '2002-05-17'),
(372, 'user371', 'user371@example.com', 'deneth123', '2024-05-17 00:51:34', 'Jacob Jones', '2024-05-17 00:51:34', 25, 'Stanford', 'Computer Science', 2022, 'Divorced', 'Male', '7051318318', 'personal_user371@example.com', 'https://user371.com', 'Both', '1999-05-17'),
(373, 'user372', 'user372@example.com', 'deneth123', '2024-05-17 00:51:34', 'Sophia Wilson', '2024-05-17 00:51:34', 24, 'Berkeley', 'Physics', 2024, 'In a relationship', 'Male', '6236625525', 'personal_user372@example.com', 'https://user372.com', 'Women', '2000-05-17'),
(374, 'user373', 'user373@example.com', 'deneth123', '2024-05-17 00:51:34', 'Emily Moore', '2024-05-17 00:51:34', 21, 'Stanford', 'Engineering', 2024, 'In a relationship', 'Female', '1705605613', 'personal_user373@example.com', 'https://user373.com', 'Men', '2003-05-17'),
(375, 'user374', 'user374@example.com', 'deneth123', '2024-05-17 00:51:34', 'Olivia Miller', '2024-05-17 00:51:34', 25, 'Berkeley', 'Physics', 2023, 'Divorced', 'Male', '8211580613', 'personal_user374@example.com', 'https://user374.com', 'Men', '1999-05-17'),
(376, 'user375', 'user375@example.com', 'deneth123', '2024-05-17 00:51:34', 'Isabella Taylor', '2024-05-17 00:51:34', 23, 'MIT', 'Biology', 2022, 'Single', 'Female', '7650527580', 'personal_user375@example.com', 'https://user375.com', 'Both', '2001-05-17'),
(377, 'user376', 'user376@example.com', 'deneth123', '2024-05-17 00:51:34', 'Isabella Davis', '2024-05-17 00:51:34', 19, 'Berkeley', 'Biology', 2021, 'Divorced', 'Other', '5137131925', 'personal_user376@example.com', 'https://user376.com', 'Men', '2005-05-17'),
(378, 'user377', 'user377@example.com', 'deneth123', '2024-05-17 00:51:34', 'Ethan Miller', '2024-05-17 00:51:34', 18, 'Berkeley', 'Engineering', 2020, 'Married', 'Female', '1265721032', 'personal_user377@example.com', 'https://user377.com', 'Men', '2006-05-17'),
(379, 'user378', 'user378@example.com', 'deneth123', '2024-05-17 00:51:34', 'Isabella Jones', '2024-05-17 00:51:34', 22, 'MIT', 'Computer Science', 2023, 'Married', 'Male', '9919759303', 'personal_user378@example.com', 'https://user378.com', 'Both', '2002-05-17');
INSERT INTO `users` (`user_id`, `username`, `email`, `pass`, `created_at`, `name`, `last_online`, `age`, `university`, `major`, `batch`, `relationship_status`, `gender`, `contact`, `personal_email`, `website`, `interested_in`, `birth_date`) VALUES
(380, 'user379', 'user379@example.com', 'deneth123', '2024-05-17 00:51:34', 'Michael Williams', '2024-05-17 00:51:34', 21, 'Stanford', 'Biology', 2020, 'Married', 'Female', '6462020109', 'personal_user379@example.com', 'https://user379.com', 'Men', '2003-05-17'),
(381, 'user380', 'user380@example.com', 'deneth123', '2024-05-17 00:51:34', 'Sophia Jones', '2024-05-17 00:51:34', 19, 'Oxford', 'Physics', 2021, 'Single', 'Male', '8878719438', 'personal_user380@example.com', 'https://user380.com', 'Both', '2005-05-17'),
(382, 'user381', 'user381@example.com', 'deneth123', '2024-05-17 00:51:34', 'Emily Miller', '2024-05-17 00:51:34', 20, 'Berkeley', 'Mathematics', 2023, 'Divorced', 'Other', '5104350925', 'personal_user381@example.com', 'https://user381.com', 'Men', '2004-05-17'),
(383, 'user382', 'user382@example.com', 'deneth123', '2024-05-17 00:51:34', 'Daniel Wilson', '2024-05-17 00:51:34', 20, 'Oxford', 'Mathematics', 2023, 'Married', 'Male', '9238571681', 'personal_user382@example.com', 'https://user382.com', 'Women', '2004-05-17'),
(384, 'user383', 'user383@example.com', 'deneth123', '2024-05-17 00:51:34', 'Sophia Moore', '2024-05-17 00:51:34', 18, 'MIT', 'Physics', 2024, 'Married', 'Other', '3571117423', 'personal_user383@example.com', 'https://user383.com', 'Both', '2006-05-17'),
(385, 'user384', 'user384@example.com', 'deneth123', '2024-05-17 00:51:34', 'Jacob Moore', '2024-05-17 00:51:34', 18, 'Stanford', 'Biology', 2022, 'In a relationship', 'Other', '2113475750', 'personal_user384@example.com', 'https://user384.com', 'Both', '2006-05-17'),
(386, 'user385', 'user385@example.com', 'deneth123', '2024-05-17 00:51:34', 'Michael Jones', '2024-05-17 00:51:34', 19, 'Berkeley', 'Mathematics', 2022, 'Married', 'Male', '1764222080', 'personal_user385@example.com', 'https://user385.com', 'Both', '2005-05-17'),
(387, 'user386', 'user386@example.com', 'deneth123', '2024-05-17 00:51:34', 'Sophia Moore', '2024-05-17 00:51:34', 21, 'Berkeley', 'Mathematics', 2024, 'Single', 'Female', '9584674520', 'personal_user386@example.com', 'https://user386.com', 'Both', '2003-05-17'),
(388, 'user387', 'user387@example.com', 'deneth123', '2024-05-17 00:51:34', 'Alexander Moore', '2024-05-17 00:51:34', 18, 'Harvard', 'Mathematics', 2023, 'Divorced', 'Other', '7428153757', 'personal_user387@example.com', 'https://user387.com', 'Both', '2006-05-17'),
(389, 'user388', 'user388@example.com', 'deneth123', '2024-05-17 00:51:34', 'Jacob Johnson', '2024-05-17 00:51:34', 19, 'MIT', 'Biology', 2024, 'In a relationship', 'Female', '8979752901', 'personal_user388@example.com', 'https://user388.com', 'Both', '2005-05-17'),
(390, 'user389', 'user389@example.com', 'deneth123', '2024-05-17 00:51:34', 'Isabella Johnson', '2024-05-17 00:51:34', 23, 'Stanford', 'Physics', 2021, 'Single', 'Male', '5880500005', 'personal_user389@example.com', 'https://user389.com', 'Men', '2001-05-17'),
(391, 'user390', 'user390@example.com', 'deneth123', '2024-05-17 00:51:34', 'Sophia Jones', '2024-05-17 00:51:34', 19, 'Berkeley', 'Engineering', 2023, 'In a relationship', 'Male', '2621325614', 'personal_user390@example.com', 'https://user390.com', 'Both', '2005-05-17'),
(392, 'user391', 'user391@example.com', 'deneth123', '2024-05-17 00:51:34', 'Michael Miller', '2024-05-17 00:51:34', 24, 'MIT', 'Computer Science', 2023, 'Married', 'Male', '2563593297', 'personal_user391@example.com', 'https://user391.com', 'Men', '2000-05-17'),
(393, 'user392', 'user392@example.com', 'deneth123', '2024-05-17 00:51:34', 'Jacob Jones', '2024-05-17 00:51:34', 19, 'MIT', 'Engineering', 2020, 'Divorced', 'Other', '4481079507', 'personal_user392@example.com', 'https://user392.com', 'Men', '2005-05-17'),
(394, 'user393', 'user393@example.com', 'deneth123', '2024-05-17 00:51:34', 'Isabella Taylor', '2024-05-17 00:51:34', 20, 'Harvard', 'Mathematics', 2023, 'Divorced', 'Female', '7590225941', 'personal_user393@example.com', 'https://user393.com', 'Both', '2004-05-17'),
(395, 'user394', 'user394@example.com', 'deneth123', '2024-05-17 00:51:34', 'Emily Miller', '2024-05-17 00:51:34', 19, 'Oxford', 'Computer Science', 2023, 'Married', 'Male', '5339246283', 'personal_user394@example.com', 'https://user394.com', 'Men', '2005-05-17'),
(396, 'user395', 'user395@example.com', 'deneth123', '2024-05-17 00:51:34', 'Daniel Jones', '2024-05-17 00:51:34', 20, 'Berkeley', 'Computer Science', 2021, 'Married', 'Female', '1470716722', 'personal_user395@example.com', 'https://user395.com', 'Men', '2004-05-17'),
(397, 'user396', 'user396@example.com', 'deneth123', '2024-05-17 00:51:34', 'Sophia Taylor', '2024-05-17 00:51:34', 22, 'Berkeley', 'Computer Science', 2023, 'Married', 'Male', '4021101595', 'personal_user396@example.com', 'https://user396.com', 'Men', '2002-05-17'),
(398, 'user397', 'user397@example.com', 'deneth123', '2024-05-17 00:51:34', 'Michael Brown', '2024-05-17 00:51:34', 25, 'Harvard', 'Engineering', 2021, 'In a relationship', 'Female', '5401663891', 'personal_user397@example.com', 'https://user397.com', 'Both', '1999-05-17'),
(399, 'user398', 'user398@example.com', 'deneth123', '2024-05-17 00:51:34', 'Emily Davis', '2024-05-17 00:51:34', 22, 'Berkeley', 'Computer Science', 2020, 'Divorced', 'Male', '7900902583', 'personal_user398@example.com', 'https://user398.com', 'Women', '2002-05-17'),
(400, 'user399', 'user399@example.com', 'deneth123', '2024-05-17 00:51:34', 'Ethan Brown', '2024-05-17 00:51:34', 19, 'Stanford', 'Engineering', 2024, 'Single', 'Female', '6688511511', 'personal_user399@example.com', 'https://user399.com', 'Men', '2005-05-17'),
(401, 'user400', 'user400@example.com', 'deneth123', '2024-05-17 00:51:34', 'Alexander Williams', '2024-05-17 00:51:34', 19, 'MIT', 'Mathematics', 2024, 'Married', 'Other', '9245583228', 'personal_user400@example.com', 'https://user400.com', 'Men', '2005-05-17'),
(402, 'user401', 'user401@example.com', 'deneth123', '2024-05-17 00:51:34', 'Emma Wilson', '2024-05-17 00:51:34', 22, 'Oxford', 'Mathematics', 2022, 'Married', 'Female', '5898069129', 'personal_user401@example.com', 'https://user401.com', 'Both', '2002-05-17'),
(403, 'user402', 'user402@example.com', 'deneth123', '2024-05-17 00:51:34', 'Emily Miller', '2024-05-17 00:51:34', 23, 'Oxford', 'Physics', 2021, 'Married', 'Male', '6020689835', 'personal_user402@example.com', 'https://user402.com', 'Men', '2001-05-17'),
(404, 'user403', 'user403@example.com', 'deneth123', '2024-05-17 00:51:34', 'Emma Brown', '2024-05-17 00:51:34', 19, 'Harvard', 'Mathematics', 2021, 'In a relationship', 'Other', '6583618061', 'personal_user403@example.com', 'https://user403.com', 'Women', '2005-05-17'),
(405, 'user404', 'user404@example.com', 'deneth123', '2024-05-17 00:51:34', 'Emma Moore', '2024-05-17 00:51:34', 21, 'Oxford', 'Mathematics', 2020, 'Single', 'Other', '4140012626', 'personal_user404@example.com', 'https://user404.com', 'Women', '2003-05-17'),
(406, 'user405', 'user405@example.com', 'deneth123', '2024-05-17 00:51:34', 'Emma Miller', '2024-05-17 00:51:34', 18, 'Stanford', 'Computer Science', 2023, 'Single', 'Male', '5075379858', 'personal_user405@example.com', 'https://user405.com', 'Both', '2006-05-17'),
(407, 'user406', 'user406@example.com', 'deneth123', '2024-05-17 00:51:34', 'Daniel Brown', '2024-05-17 00:51:34', 24, 'Harvard', 'Physics', 2024, 'Divorced', 'Male', '9671629106', 'personal_user406@example.com', 'https://user406.com', 'Women', '2000-05-17'),
(408, 'user407', 'user407@example.com', 'deneth123', '2024-05-17 00:51:34', 'Emma Wilson', '2024-05-17 00:51:34', 18, 'Berkeley', 'Mathematics', 2024, 'Divorced', 'Male', '3872187448', 'personal_user407@example.com', 'https://user407.com', 'Both', '2006-05-17'),
(409, 'user408', 'user408@example.com', 'deneth123', '2024-05-17 00:51:34', 'Ethan Davis', '2024-05-17 00:51:34', 19, 'Harvard', 'Mathematics', 2024, 'Single', 'Other', '2156279581', 'personal_user408@example.com', 'https://user408.com', 'Men', '2005-05-17'),
(410, 'user409', 'user409@example.com', 'deneth123', '2024-05-17 00:51:34', 'Emily Davis', '2024-05-17 00:51:34', 24, 'Berkeley', 'Biology', 2023, 'In a relationship', 'Other', '2538521080', 'personal_user409@example.com', 'https://user409.com', 'Men', '2000-05-17'),
(411, 'user410', 'user410@example.com', 'deneth123', '2024-05-17 00:51:34', 'Isabella Johnson', '2024-05-17 00:51:34', 19, 'Oxford', 'Engineering', 2023, 'Divorced', 'Female', '3103685936', 'personal_user410@example.com', 'https://user410.com', 'Women', '2005-05-17'),
(412, 'user411', 'user411@example.com', 'deneth123', '2024-05-17 00:51:34', 'Olivia Miller', '2024-05-17 00:51:34', 20, 'Berkeley', 'Computer Science', 2020, 'Married', 'Male', '1736954698', 'personal_user411@example.com', 'https://user411.com', 'Men', '2004-05-17'),
(413, 'user412', 'user412@example.com', 'deneth123', '2024-05-17 00:51:34', 'Michael Wilson', '2024-05-17 00:51:34', 19, 'Berkeley', 'Physics', 2022, 'Married', 'Other', '3487035904', 'personal_user412@example.com', 'https://user412.com', 'Both', '2005-05-17'),
(414, 'user413', 'user413@example.com', 'deneth123', '2024-05-17 00:51:34', 'Emma Brown', '2024-05-17 00:51:34', 19, 'Berkeley', 'Physics', 2020, 'Divorced', 'Male', '8259357944', 'personal_user413@example.com', 'https://user413.com', 'Men', '2005-05-17'),
(415, 'user414', 'user414@example.com', 'deneth123', '2024-05-17 00:51:34', 'Daniel Smith', '2024-05-17 00:51:34', 19, 'Oxford', 'Physics', 2020, 'In a relationship', 'Female', '6607463185', 'personal_user414@example.com', 'https://user414.com', 'Both', '2005-05-17'),
(416, 'user415', 'user415@example.com', 'deneth123', '2024-05-17 00:51:34', 'Emily Moore', '2024-05-17 00:51:34', 19, 'MIT', 'Physics', 2020, 'Single', 'Other', '3494034670', 'personal_user415@example.com', 'https://user415.com', 'Women', '2005-05-17'),
(417, 'user416', 'user416@example.com', 'deneth123', '2024-05-17 00:51:34', 'Alexander Miller', '2024-05-17 00:51:34', 21, 'Stanford', 'Biology', 2022, 'Divorced', 'Other', '8623959055', 'personal_user416@example.com', 'https://user416.com', 'Both', '2003-05-17'),
(418, 'user417', 'user417@example.com', 'deneth123', '2024-05-17 00:51:34', 'Emma Moore', '2024-05-17 00:51:34', 18, 'Berkeley', 'Mathematics', 2021, 'Single', 'Female', '6471857514', 'personal_user417@example.com', 'https://user417.com', 'Men', '2006-05-17'),
(419, 'user418', 'user418@example.com', 'deneth123', '2024-05-17 00:51:34', 'Olivia Davis', '2024-05-17 00:51:34', 19, 'Stanford', 'Mathematics', 2022, 'In a relationship', 'Male', '8840431433', 'personal_user418@example.com', 'https://user418.com', 'Women', '2005-05-17'),
(420, 'user419', 'user419@example.com', 'deneth123', '2024-05-17 00:51:34', 'Sophia Williams', '2024-05-17 00:51:34', 22, 'Harvard', 'Engineering', 2023, 'Single', 'Female', '9876173560', 'personal_user419@example.com', 'https://user419.com', 'Men', '2002-05-17'),
(421, 'user420', 'user420@example.com', 'deneth123', '2024-05-17 00:51:34', 'Emma Wilson', '2024-05-17 00:51:34', 23, 'Stanford', 'Mathematics', 2022, 'In a relationship', 'Other', '2538372271', 'personal_user420@example.com', 'https://user420.com', 'Women', '2001-05-17'),
(422, 'user421', 'user421@example.com', 'deneth123', '2024-05-17 00:51:34', 'Emma Miller', '2024-05-17 00:51:34', 20, 'Oxford', 'Physics', 2020, 'In a relationship', 'Female', '6318377078', 'personal_user421@example.com', 'https://user421.com', 'Women', '2004-05-17'),
(423, 'user422', 'user422@example.com', 'deneth123', '2024-05-17 00:51:34', 'Michael Smith', '2024-05-17 00:51:34', 19, 'Berkeley', 'Biology', 2024, 'Single', 'Male', '1358712342', 'personal_user422@example.com', 'https://user422.com', 'Both', '2005-05-17'),
(424, 'user423', 'user423@example.com', 'deneth123', '2024-05-17 00:51:34', 'Emma Jones', '2024-05-17 00:51:34', 25, 'Berkeley', 'Computer Science', 2021, 'In a relationship', 'Other', '6623489403', 'personal_user423@example.com', 'https://user423.com', 'Men', '1999-05-17'),
(425, 'user424', 'user424@example.com', 'deneth123', '2024-05-17 00:51:34', 'Jacob Williams', '2024-05-17 00:51:34', 23, 'Oxford', 'Physics', 2022, 'Single', 'Female', '3076495117', 'personal_user424@example.com', 'https://user424.com', 'Both', '2001-05-17'),
(426, 'user425', 'user425@example.com', 'deneth123', '2024-05-17 00:51:34', 'Jacob Taylor', '2024-05-17 00:51:34', 21, 'Berkeley', 'Computer Science', 2020, 'Married', 'Male', '2402581537', 'personal_user425@example.com', 'https://user425.com', 'Women', '2003-05-17'),
(427, 'user426', 'user426@example.com', 'deneth123', '2024-05-17 00:51:34', 'Emily Brown', '2024-05-17 00:51:34', 20, 'Oxford', 'Engineering', 2024, 'Divorced', 'Other', '7299099825', 'personal_user426@example.com', 'https://user426.com', 'Women', '2004-05-17'),
(428, 'user427', 'user427@example.com', 'deneth123', '2024-05-17 00:51:34', 'Olivia Miller', '2024-05-17 00:51:34', 18, 'MIT', 'Engineering', 2022, 'Divorced', 'Other', '9653194497', 'personal_user427@example.com', 'https://user427.com', 'Men', '2006-05-17'),
(429, 'user428', 'user428@example.com', 'deneth123', '2024-05-17 00:51:34', 'Olivia Smith', '2024-05-17 00:51:34', 24, 'Stanford', 'Biology', 2020, 'Single', 'Male', '9029051966', 'personal_user428@example.com', 'https://user428.com', 'Men', '2000-05-17'),
(430, 'user429', 'user429@example.com', 'deneth123', '2024-05-17 00:51:34', 'Michael Brown', '2024-05-17 00:51:34', 18, 'Harvard', 'Mathematics', 2024, 'Single', 'Other', '9711404733', 'personal_user429@example.com', 'https://user429.com', 'Women', '2006-05-17'),
(431, 'user430', 'user430@example.com', 'deneth123', '2024-05-17 00:51:34', 'Daniel Brown', '2024-05-17 00:51:34', 19, 'Stanford', 'Computer Science', 2023, 'Married', 'Male', '1790666459', 'personal_user430@example.com', 'https://user430.com', 'Men', '2005-05-17'),
(432, 'user431', 'user431@example.com', 'deneth123', '2024-05-17 00:51:34', 'Alexander Moore', '2024-05-17 00:51:34', 21, 'Stanford', 'Physics', 2023, 'Divorced', 'Female', '7763434268', 'personal_user431@example.com', 'https://user431.com', 'Both', '2003-05-17'),
(433, 'user432', 'user432@example.com', 'deneth123', '2024-05-17 00:51:34', 'Daniel Taylor', '2024-05-17 00:51:34', 18, 'Oxford', 'Physics', 2023, 'In a relationship', 'Other', '4355652503', 'personal_user432@example.com', 'https://user432.com', 'Both', '2006-05-17'),
(434, 'user433', 'user433@example.com', 'deneth123', '2024-05-17 00:51:34', 'Sophia Taylor', '2024-05-17 00:51:34', 21, 'Berkeley', 'Mathematics', 2023, 'Married', 'Female', '8719624176', 'personal_user433@example.com', 'https://user433.com', 'Women', '2003-05-17'),
(435, 'user434', 'user434@example.com', 'deneth123', '2024-05-17 00:51:34', 'Jacob Miller', '2024-05-17 00:51:34', 18, 'Oxford', 'Mathematics', 2021, 'Single', 'Male', '1488809222', 'personal_user434@example.com', 'https://user434.com', 'Men', '2006-05-17'),
(436, 'user435', 'user435@example.com', 'deneth123', '2024-05-17 00:51:34', 'Emma Smith', '2024-05-17 00:51:34', 18, 'Stanford', 'Mathematics', 2020, 'In a relationship', 'Female', '1519349815', 'personal_user435@example.com', 'https://user435.com', 'Both', '2006-05-17'),
(437, 'user436', 'user436@example.com', 'deneth123', '2024-05-17 00:51:34', 'Sophia Davis', '2024-05-17 00:51:34', 18, 'Harvard', 'Biology', 2022, 'Divorced', 'Male', '8995700517', 'personal_user436@example.com', 'https://user436.com', 'Both', '2006-05-17'),
(438, 'user437', 'user437@example.com', 'deneth123', '2024-05-17 00:51:34', 'Daniel Wilson', '2024-05-17 00:51:34', 19, 'MIT', 'Physics', 2024, 'Divorced', 'Other', '7309791142', 'personal_user437@example.com', 'https://user437.com', 'Men', '2005-05-17'),
(439, 'user438', 'user438@example.com', 'deneth123', '2024-05-17 00:51:34', 'Daniel Moore', '2024-05-17 00:51:34', 18, 'Oxford', 'Computer Science', 2021, 'In a relationship', 'Male', '2346828661', 'personal_user438@example.com', 'https://user438.com', 'Both', '2006-05-17'),
(440, 'user439', 'user439@example.com', 'deneth123', '2024-05-17 00:51:34', 'Emma Johnson', '2024-05-17 00:51:34', 24, 'MIT', 'Mathematics', 2024, 'Divorced', 'Other', '9521074377', 'personal_user439@example.com', 'https://user439.com', 'Both', '2000-05-17'),
(441, 'user440', 'user440@example.com', 'deneth123', '2024-05-17 00:51:34', 'Daniel Smith', '2024-05-17 00:51:34', 19, 'Berkeley', 'Biology', 2020, 'Single', 'Male', '3790983385', 'personal_user440@example.com', 'https://user440.com', 'Men', '2005-05-17'),
(442, 'user441', 'user441@example.com', 'deneth123', '2024-05-17 00:51:34', 'Isabella Williams', '2024-05-17 00:51:34', 23, 'Stanford', 'Mathematics', 2020, 'Married', 'Female', '3267750459', 'personal_user441@example.com', 'https://user441.com', 'Both', '2001-05-17'),
(443, 'user442', 'user442@example.com', 'deneth123', '2024-05-17 00:51:34', 'Emily Miller', '2024-05-17 00:51:34', 19, 'Stanford', 'Biology', 2023, 'Married', 'Other', '9793602660', 'personal_user442@example.com', 'https://user442.com', 'Both', '2005-05-17'),
(444, 'user443', 'user443@example.com', 'deneth123', '2024-05-17 00:51:34', 'Sophia Miller', '2024-05-17 00:51:34', 19, 'Berkeley', 'Physics', 2023, 'In a relationship', 'Other', '4436073621', 'personal_user443@example.com', 'https://user443.com', 'Both', '2005-05-17'),
(445, 'user444', 'user444@example.com', 'deneth123', '2024-05-17 00:51:34', 'Sophia Davis', '2024-05-17 00:51:34', 19, 'Berkeley', 'Computer Science', 2024, 'In a relationship', 'Male', '8519701341', 'personal_user444@example.com', 'https://user444.com', 'Women', '2005-05-17'),
(446, 'user445', 'user445@example.com', 'deneth123', '2024-05-17 00:51:34', 'Sophia Davis', '2024-05-17 00:51:34', 22, 'Stanford', 'Engineering', 2021, 'Single', 'Male', '9701480655', 'personal_user445@example.com', 'https://user445.com', 'Women', '2002-05-17'),
(447, 'user446', 'user446@example.com', 'deneth123', '2024-05-17 00:51:34', 'Emma Taylor', '2024-05-17 00:51:34', 19, 'Stanford', 'Biology', 2021, 'Divorced', 'Other', '2005294406', 'personal_user446@example.com', 'https://user446.com', 'Women', '2005-05-17'),
(448, 'user447', 'user447@example.com', 'deneth123', '2024-05-17 00:51:34', 'Alexander Moore', '2024-05-17 00:51:34', 21, 'Oxford', 'Mathematics', 2020, 'In a relationship', 'Other', '1308514949', 'personal_user447@example.com', 'https://user447.com', 'Both', '2003-05-17'),
(449, 'user448', 'user448@example.com', 'deneth123', '2024-05-17 00:51:34', 'Isabella Jones', '2024-05-17 00:51:34', 22, 'Oxford', 'Physics', 2021, 'Divorced', 'Male', '4072298256', 'personal_user448@example.com', 'https://user448.com', 'Women', '2002-05-17'),
(450, 'user449', 'user449@example.com', 'deneth123', '2024-05-17 00:51:34', 'Emma Davis', '2024-05-17 00:51:34', 25, 'Harvard', 'Mathematics', 2022, 'Married', 'Male', '3075506825', 'personal_user449@example.com', 'https://user449.com', 'Women', '1999-05-17'),
(451, 'user450', 'user450@example.com', 'deneth123', '2024-05-17 00:51:34', 'Alexander Jones', '2024-05-17 00:51:34', 21, 'MIT', 'Engineering', 2021, 'Single', 'Male', '7270601848', 'personal_user450@example.com', 'https://user450.com', 'Women', '2003-05-17'),
(452, 'user451', 'user451@example.com', 'deneth123', '2024-05-17 00:51:34', 'Emma Smith', '2024-05-17 00:51:34', 25, 'Stanford', 'Mathematics', 2022, 'Married', 'Female', '7985737275', 'personal_user451@example.com', 'https://user451.com', 'Women', '1999-05-17'),
(453, 'user452', 'user452@example.com', 'deneth123', '2024-05-17 00:51:34', 'Isabella Wilson', '2024-05-17 00:51:34', 24, 'Stanford', 'Computer Science', 2023, 'Married', 'Female', '8126561517', 'personal_user452@example.com', 'https://user452.com', 'Men', '2000-05-17'),
(454, 'user453', 'user453@example.com', 'deneth123', '2024-05-17 00:51:34', 'Jacob Williams', '2024-05-17 00:51:34', 21, 'Berkeley', 'Physics', 2021, 'Single', 'Female', '1693814014', 'personal_user453@example.com', 'https://user453.com', 'Both', '2003-05-17'),
(455, 'user454', 'user454@example.com', 'deneth123', '2024-05-17 00:51:34', 'Emily Moore', '2024-05-17 00:51:34', 19, 'Harvard', 'Computer Science', 2021, 'In a relationship', 'Male', '9791629645', 'personal_user454@example.com', 'https://user454.com', 'Both', '2005-05-17'),
(456, 'user455', 'user455@example.com', 'deneth123', '2024-05-17 00:51:34', 'Alexander Brown', '2024-05-17 00:51:34', 20, 'MIT', 'Physics', 2021, 'In a relationship', 'Other', '7484167731', 'personal_user455@example.com', 'https://user455.com', 'Both', '2004-05-17'),
(457, 'user456', 'user456@example.com', 'deneth123', '2024-05-17 00:51:34', 'Emma Moore', '2024-05-17 00:51:34', 20, 'Stanford', 'Biology', 2022, 'Divorced', 'Male', '4667765817', 'personal_user456@example.com', 'https://user456.com', 'Both', '2004-05-17'),
(458, 'user457', 'user457@example.com', 'deneth123', '2024-05-17 00:51:34', 'Alexander Miller', '2024-05-17 00:51:34', 21, 'Stanford', 'Mathematics', 2021, 'In a relationship', 'Male', '1385159881', 'personal_user457@example.com', 'https://user457.com', 'Men', '2003-05-17'),
(459, 'user458', 'user458@example.com', 'deneth123', '2024-05-17 00:51:34', 'Sophia Wilson', '2024-05-17 00:51:34', 21, 'Harvard', 'Engineering', 2022, 'In a relationship', 'Other', '2318182899', 'personal_user458@example.com', 'https://user458.com', 'Both', '2003-05-17'),
(460, 'user459', 'user459@example.com', 'deneth123', '2024-05-17 00:51:34', 'Ethan Moore', '2024-05-17 00:51:34', 23, 'Oxford', 'Engineering', 2021, 'In a relationship', 'Male', '9669513842', 'personal_user459@example.com', 'https://user459.com', 'Women', '2001-05-17'),
(461, 'user460', 'user460@example.com', 'deneth123', '2024-05-17 00:51:34', 'Ethan Taylor', '2024-05-17 00:51:34', 25, 'Harvard', 'Mathematics', 2024, 'In a relationship', 'Female', '7103430695', 'personal_user460@example.com', 'https://user460.com', 'Both', '1999-05-17'),
(462, 'user461', 'user461@example.com', 'deneth123', '2024-05-17 00:51:34', 'Michael Wilson', '2024-05-17 00:51:34', 18, 'Oxford', 'Mathematics', 2024, 'Single', 'Male', '4693083999', 'personal_user461@example.com', 'https://user461.com', 'Men', '2006-05-17'),
(463, 'user462', 'user462@example.com', 'deneth123', '2024-05-17 00:51:34', 'Alexander Davis', '2024-05-17 00:51:34', 24, 'Oxford', 'Physics', 2022, 'Divorced', 'Female', '4189424576', 'personal_user462@example.com', 'https://user462.com', 'Both', '2000-05-17'),
(464, 'user463', 'user463@example.com', 'deneth123', '2024-05-17 00:51:34', 'Alexander Moore', '2024-05-17 00:51:34', 24, 'MIT', 'Computer Science', 2024, 'Single', 'Male', '4438406828', 'personal_user463@example.com', 'https://user463.com', 'Both', '2000-05-17'),
(465, 'user464', 'user464@example.com', 'deneth123', '2024-05-17 00:51:34', 'Daniel Moore', '2024-05-17 00:51:34', 22, 'Oxford', 'Engineering', 2023, 'In a relationship', 'Male', '8867969235', 'personal_user464@example.com', 'https://user464.com', 'Men', '2002-05-17'),
(466, 'user465', 'user465@example.com', 'deneth123', '2024-05-17 00:51:34', 'Michael Wilson', '2024-05-17 00:51:34', 18, 'Oxford', 'Engineering', 2020, 'In a relationship', 'Male', '1466097642', 'personal_user465@example.com', 'https://user465.com', 'Both', '2006-05-17'),
(467, 'user466', 'user466@example.com', 'deneth123', '2024-05-17 00:51:34', 'Isabella Taylor', '2024-05-17 00:51:34', 22, 'Stanford', 'Computer Science', 2020, 'Single', 'Other', '7343284016', 'personal_user466@example.com', 'https://user466.com', 'Women', '2002-05-17'),
(468, 'user467', 'user467@example.com', 'deneth123', '2024-05-17 00:51:34', 'Emily Jones', '2024-05-17 00:51:34', 18, 'Berkeley', 'Physics', 2022, 'Married', 'Other', '6644682044', 'personal_user467@example.com', 'https://user467.com', 'Both', '2006-05-17'),
(469, 'user468', 'user468@example.com', 'deneth123', '2024-05-17 00:51:34', 'Emily Moore', '2024-05-17 00:51:34', 24, 'Harvard', 'Mathematics', 2020, 'In a relationship', 'Other', '7852166919', 'personal_user468@example.com', 'https://user468.com', 'Women', '2000-05-17'),
(470, 'user469', 'user469@example.com', 'deneth123', '2024-05-17 00:51:34', 'Alexander Miller', '2024-05-17 00:51:34', 20, 'Stanford', 'Engineering', 2020, 'Married', 'Male', '6479723446', 'personal_user469@example.com', 'https://user469.com', 'Both', '2004-05-17'),
(471, 'user470', 'user470@example.com', 'deneth123', '2024-05-17 00:51:34', 'Sophia Johnson', '2024-05-17 00:51:34', 21, 'Berkeley', 'Mathematics', 2020, 'In a relationship', 'Other', '6870396538', 'personal_user470@example.com', 'https://user470.com', 'Men', '2003-05-17'),
(472, 'user471', 'user471@example.com', 'deneth123', '2024-05-17 00:51:34', 'Alexander Brown', '2024-05-17 00:51:34', 19, 'Stanford', 'Physics', 2023, 'Single', 'Other', '2111936329', 'personal_user471@example.com', 'https://user471.com', 'Women', '2005-05-17'),
(473, 'user472', 'user472@example.com', 'deneth123', '2024-05-17 00:51:34', 'Ethan Smith', '2024-05-17 00:51:34', 22, 'Berkeley', 'Engineering', 2024, 'In a relationship', 'Other', '5236090775', 'personal_user472@example.com', 'https://user472.com', 'Women', '2002-05-17'),
(474, 'user473', 'user473@example.com', 'deneth123', '2024-05-17 00:51:34', 'Alexander Johnson', '2024-05-17 00:51:34', 19, 'Stanford', 'Engineering', 2021, 'Married', 'Male', '7858146856', 'personal_user473@example.com', 'https://user473.com', 'Women', '2005-05-17'),
(475, 'user474', 'user474@example.com', 'deneth123', '2024-05-17 00:51:34', 'Alexander Jones', '2024-05-17 00:51:34', 18, 'Oxford', 'Physics', 2024, 'Single', 'Male', '1237538625', 'personal_user474@example.com', 'https://user474.com', 'Both', '2006-05-17'),
(476, 'user475', 'user475@example.com', 'deneth123', '2024-05-17 00:51:34', 'Isabella Williams', '2024-05-17 00:51:34', 21, 'Berkeley', 'Mathematics', 2021, 'Single', 'Other', '6554994722', 'personal_user475@example.com', 'https://user475.com', 'Men', '2003-05-17'),
(477, 'user476', 'user476@example.com', 'deneth123', '2024-05-17 00:51:34', 'Olivia Williams', '2024-05-17 00:51:34', 19, 'Stanford', 'Engineering', 2021, 'Single', 'Female', '7350628563', 'personal_user476@example.com', 'https://user476.com', 'Women', '2005-05-17'),
(478, 'user477', 'user477@example.com', 'deneth123', '2024-05-17 00:51:34', 'Michael Jones', '2024-05-17 00:51:34', 24, 'Berkeley', 'Mathematics', 2021, 'In a relationship', 'Female', '7738455210', 'personal_user477@example.com', 'https://user477.com', 'Both', '2000-05-17'),
(479, 'user478', 'user478@example.com', 'deneth123', '2024-05-17 00:51:34', 'Isabella Jones', '2024-05-17 00:51:34', 22, 'Stanford', 'Engineering', 2021, 'Married', 'Other', '4954762878', 'personal_user478@example.com', 'https://user478.com', 'Both', '2002-05-17'),
(480, 'user479', 'user479@example.com', 'deneth123', '2024-05-17 00:51:34', 'Michael Smith', '2024-05-17 00:51:34', 24, 'MIT', 'Engineering', 2021, 'In a relationship', 'Female', '3682973176', 'personal_user479@example.com', 'https://user479.com', 'Both', '2000-05-17'),
(481, 'user480', 'user480@example.com', 'deneth123', '2024-05-17 00:51:34', 'Ethan Johnson', '2024-05-17 00:51:34', 25, 'Harvard', 'Biology', 2023, 'Married', 'Other', '4089239845', 'personal_user480@example.com', 'https://user480.com', 'Men', '1999-05-17'),
(482, 'user481', 'user481@example.com', 'deneth123', '2024-05-17 00:51:34', 'Daniel Taylor', '2024-05-17 00:51:34', 18, 'Harvard', 'Biology', 2023, 'Divorced', 'Other', '3148817784', 'personal_user481@example.com', 'https://user481.com', 'Women', '2006-05-17'),
(483, 'user482', 'user482@example.com', 'deneth123', '2024-05-17 00:51:34', 'Michael Williams', '2024-05-17 00:51:34', 22, 'Stanford', 'Biology', 2022, 'Married', 'Other', '5931379412', 'personal_user482@example.com', 'https://user482.com', 'Men', '2002-05-17'),
(484, 'user483', 'user483@example.com', 'deneth123', '2024-05-17 00:51:34', 'Sophia Davis', '2024-05-17 00:51:34', 24, 'Oxford', 'Engineering', 2024, 'In a relationship', 'Female', '5208210538', 'personal_user483@example.com', 'https://user483.com', 'Both', '2000-05-17'),
(485, 'user484', 'user484@example.com', 'deneth123', '2024-05-17 00:51:34', 'Sophia Jones', '2024-05-17 00:51:34', 23, 'MIT', 'Mathematics', 2021, 'Married', 'Female', '3005904133', 'personal_user484@example.com', 'https://user484.com', 'Men', '2001-05-17'),
(486, 'user485', 'user485@example.com', 'deneth123', '2024-05-17 00:51:34', 'Sophia Taylor', '2024-05-17 00:51:34', 19, 'Berkeley', 'Computer Science', 2021, 'Divorced', 'Male', '7763496139', 'personal_user485@example.com', 'https://user485.com', 'Women', '2005-05-17'),
(487, 'user486', 'user486@example.com', 'deneth123', '2024-05-17 00:51:34', 'Michael Williams', '2024-05-17 00:51:34', 22, 'Stanford', 'Computer Science', 2022, 'Married', 'Female', '4026621088', 'personal_user486@example.com', 'https://user486.com', 'Men', '2002-05-17'),
(488, 'user487', 'user487@example.com', 'deneth123', '2024-05-17 00:51:34', 'Jacob Wilson', '2024-05-17 00:51:34', 23, 'Oxford', 'Engineering', 2021, 'Divorced', 'Female', '4818710548', 'personal_user487@example.com', 'https://user487.com', 'Women', '2001-05-17'),
(489, 'user488', 'user488@example.com', 'deneth123', '2024-05-17 00:51:34', 'Daniel Williams', '2024-05-17 00:51:34', 23, 'Harvard', 'Physics', 2022, 'Divorced', 'Female', '7598636518', 'personal_user488@example.com', 'https://user488.com', 'Both', '2001-05-17'),
(490, 'user489', 'user489@example.com', 'deneth123', '2024-05-17 00:51:34', 'Olivia Miller', '2024-05-17 00:51:34', 21, 'Berkeley', 'Engineering', 2022, 'In a relationship', 'Female', '6037721301', 'personal_user489@example.com', 'https://user489.com', 'Both', '2003-05-17'),
(491, 'user490', 'user490@example.com', 'deneth123', '2024-05-17 00:51:34', 'Sophia Davis', '2024-05-17 00:51:34', 23, 'MIT', 'Biology', 2022, 'In a relationship', 'Other', '1913322892', 'personal_user490@example.com', 'https://user490.com', 'Women', '2001-05-17'),
(492, 'user491', 'user491@example.com', 'deneth123', '2024-05-17 00:51:34', 'Alexander Jones', '2024-05-17 00:51:34', 20, 'Harvard', 'Physics', 2021, 'Divorced', 'Male', '9750938020', 'personal_user491@example.com', 'https://user491.com', 'Men', '2004-05-17'),
(493, 'user492', 'user492@example.com', 'deneth123', '2024-05-17 00:51:34', 'Alexander Smith', '2024-05-17 00:51:34', 24, 'Berkeley', 'Engineering', 2022, 'In a relationship', 'Female', '5889080668', 'personal_user492@example.com', 'https://user492.com', 'Men', '2000-05-17'),
(494, 'user493', 'user493@example.com', 'deneth123', '2024-05-17 00:51:34', 'Alexander Miller', '2024-05-17 00:51:34', 20, 'Stanford', 'Biology', 2023, 'In a relationship', 'Other', '6714913770', 'personal_user493@example.com', 'https://user493.com', 'Women', '2004-05-17'),
(495, 'user494', 'user494@example.com', 'deneth123', '2024-05-17 00:51:34', 'Daniel Wilson', '2024-05-17 00:51:34', 25, 'Stanford', 'Physics', 2023, 'Single', 'Other', '4668042616', 'personal_user494@example.com', 'https://user494.com', 'Men', '1999-05-17'),
(496, 'user495', 'user495@example.com', 'deneth123', '2024-05-17 00:51:34', 'Isabella Smith', '2024-05-17 00:51:34', 23, 'MIT', 'Biology', 2023, 'In a relationship', 'Other', '4695330684', 'personal_user495@example.com', 'https://user495.com', 'Both', '2001-05-17'),
(497, 'user496', 'user496@example.com', 'deneth123', '2024-05-17 00:51:34', 'Ethan Smith', '2024-05-17 00:51:34', 19, 'MIT', 'Biology', 2020, 'Married', 'Female', '9350489233', 'personal_user496@example.com', 'https://user496.com', 'Both', '2005-05-17'),
(498, 'user497', 'user497@example.com', 'deneth123', '2024-05-17 00:51:34', 'Olivia Brown', '2024-05-17 00:51:34', 24, 'Harvard', 'Engineering', 2020, 'Married', 'Male', '5549216405', 'personal_user497@example.com', 'https://user497.com', 'Men', '2000-05-17'),
(499, 'user498', 'user498@example.com', 'deneth123', '2024-05-17 00:51:34', 'Sophia Taylor', '2024-05-17 00:51:34', 21, 'Harvard', 'Mathematics', 2020, 'Single', 'Female', '4679191430', 'personal_user498@example.com', 'https://user498.com', 'Women', '2003-05-17'),
(500, 'user499', 'user499@example.com', 'deneth123', '2024-05-17 00:51:34', 'Michael Smith', '2024-05-17 00:51:34', 20, 'Stanford', 'Biology', 2024, 'In a relationship', 'Female', '1002274516', 'personal_user499@example.com', 'https://user499.com', 'Women', '2004-05-17'),
(501, 'user500', 'user500@example.com', 'deneth123', '2024-05-17 00:51:34', 'Ethan Davis', '2024-05-17 00:51:34', 24, 'Stanford', 'Mathematics', 2023, 'Divorced', 'Other', '7953180507', 'personal_user500@example.com', 'https://user500.com', 'Men', '2000-05-17');
COMMIT;

/*!40101 SET CHARACTER_SET_CLIENT=@OLD_CHARACTER_SET_CLIENT */;
/*!40101 SET CHARACTER_SET_RESULTS=@OLD_CHARACTER_SET_RESULTS */;
/*!40101 SET COLLATION_CONNECTION=@OLD_COLLATION_CONNECTION */;
